Timing Analyzer report for lcd1602_text
Thu Jun 18 09:20:50 2026
Quartus Prime Version 23.1std.1 Build 993 05/14/2024 SC Lite Edition


---------------------
; Table of Contents ;
---------------------
  1. Legal Notice
  2. Timing Analyzer Summary
  3. Parallel Compilation
  4. Clocks
  5. Slow 1200mV 85C Model Fmax Summary
  6. Timing Closure Recommendations
  7. Slow 1200mV 85C Model Setup Summary
  8. Slow 1200mV 85C Model Hold Summary
  9. Slow 1200mV 85C Model Recovery Summary
 10. Slow 1200mV 85C Model Removal Summary
 11. Slow 1200mV 85C Model Minimum Pulse Width Summary
 12. Slow 1200mV 85C Model Setup: 'clk'
 13. Slow 1200mV 85C Model Setup: 'clk_16ms'
 14. Slow 1200mV 85C Model Hold: 'clk_16ms'
 15. Slow 1200mV 85C Model Hold: 'clk'
 16. Slow 1200mV 85C Model Metastability Summary
 17. Slow 1200mV 0C Model Fmax Summary
 18. Slow 1200mV 0C Model Setup Summary
 19. Slow 1200mV 0C Model Hold Summary
 20. Slow 1200mV 0C Model Recovery Summary
 21. Slow 1200mV 0C Model Removal Summary
 22. Slow 1200mV 0C Model Minimum Pulse Width Summary
 23. Slow 1200mV 0C Model Setup: 'clk'
 24. Slow 1200mV 0C Model Setup: 'clk_16ms'
 25. Slow 1200mV 0C Model Hold: 'clk_16ms'
 26. Slow 1200mV 0C Model Hold: 'clk'
 27. Slow 1200mV 0C Model Metastability Summary
 28. Fast 1200mV 0C Model Setup Summary
 29. Fast 1200mV 0C Model Hold Summary
 30. Fast 1200mV 0C Model Recovery Summary
 31. Fast 1200mV 0C Model Removal Summary
 32. Fast 1200mV 0C Model Minimum Pulse Width Summary
 33. Fast 1200mV 0C Model Setup: 'clk'
 34. Fast 1200mV 0C Model Setup: 'clk_16ms'
 35. Fast 1200mV 0C Model Hold: 'clk_16ms'
 36. Fast 1200mV 0C Model Hold: 'clk'
 37. Fast 1200mV 0C Model Metastability Summary
 38. Multicorner Timing Analysis Summary
 39. Board Trace Model Assignments
 40. Input Transition Times
 41. Signal Integrity Metrics (Slow 1200mv 0c Model)
 42. Signal Integrity Metrics (Slow 1200mv 85c Model)
 43. Signal Integrity Metrics (Fast 1200mv 0c Model)
 44. Setup Transfers
 45. Hold Transfers
 46. Report TCCS
 47. Report RSKM
 48. Unconstrained Paths Summary
 49. Clock Status Summary
 50. Unconstrained Input Ports
 51. Unconstrained Output Ports
 52. Unconstrained Input Ports
 53. Unconstrained Output Ports
 54. Timing Analyzer Messages



----------------
; Legal Notice ;
----------------
Copyright (C) 2024  Intel Corporation. All rights reserved.
Your use of Intel Corporation's design tools, logic functions 
and other software and tools, and any partner logic 
functions, and any output files from any of the foregoing 
(including device programming or simulation files), and any 
associated documentation or information are expressly subject 
to the terms and conditions of the Intel Program License 
Subscription Agreement, the Intel Quartus Prime License Agreement,
the Intel FPGA IP License Agreement, or other applicable license
agreement, including, without limitation, that your use is for
the sole purpose of programming logic devices manufactured by
Intel and sold by Intel or its authorized distributors.  Please
refer to the applicable agreement for further details, at
https://fpgasoftware.intel.com/eula.



+--------------------------------------------------------------------------------+
; Timing Analyzer Summary                                                        ;
+-----------------------+--------------------------------------------------------+
; Quartus Prime Version ; Version 23.1std.1 Build 993 05/14/2024 SC Lite Edition ;
; Timing Analyzer       ; Legacy Timing Analyzer                                 ;
; Revision Name         ; lcd1602_text                                           ;
; Device Family         ; Cyclone IV E                                           ;
; Device Name           ; EP4CE6E22C8                                            ;
; Timing Models         ; Final                                                  ;
; Delay Model           ; Combined                                               ;
; Rise/Fall Delays      ; Enabled                                                ;
+-----------------------+--------------------------------------------------------+


+------------------------------------------+
; Parallel Compilation                     ;
+----------------------------+-------------+
; Processors                 ; Number      ;
+----------------------------+-------------+
; Number detected on machine ; 4           ;
; Maximum allowed            ; 2           ;
;                            ;             ;
; Average used               ; 1.01        ;
; Maximum used               ; 2           ;
;                            ;             ;
; Usage by Processor         ; % Time Used ;
;     Processor 1            ; 100.0%      ;
;     Processor 2            ;   0.7%      ;
+----------------------------+-------------+


+--------------------------------------------------------------------------------------------------------------------------------------------------------------------------------------+
; Clocks                                                                                                                                                                               ;
+------------+------+--------+------------+-------+-------+------------+-----------+-------------+-------+--------+-----------+------------+----------+--------+--------+--------------+
; Clock Name ; Type ; Period ; Frequency  ; Rise  ; Fall  ; Duty Cycle ; Divide by ; Multiply by ; Phase ; Offset ; Edge List ; Edge Shift ; Inverted ; Master ; Source ; Targets      ;
+------------+------+--------+------------+-------+-------+------------+-----------+-------------+-------+--------+-----------+------------+----------+--------+--------+--------------+
; clk        ; Base ; 1.000  ; 1000.0 MHz ; 0.000 ; 0.500 ;            ;           ;             ;       ;        ;           ;            ;          ;        ;        ; { clk }      ;
; clk_16ms   ; Base ; 1.000  ; 1000.0 MHz ; 0.000 ; 0.500 ;            ;           ;             ;       ;        ;           ;            ;          ;        ;        ; { clk_16ms } ;
+------------+------+--------+------------+-------+-------+------------+-----------+-------------+-------+--------+-----------+------------+----------+--------+--------+--------------+


+--------------------------------------------------+
; Slow 1200mV 85C Model Fmax Summary               ;
+------------+-----------------+------------+------+
; Fmax       ; Restricted Fmax ; Clock Name ; Note ;
+------------+-----------------+------------+------+
; 199.96 MHz ; 199.96 MHz      ; clk        ;      ;
; 232.4 MHz  ; 232.4 MHz       ; clk_16ms   ;      ;
+------------+-----------------+------------+------+
This panel reports FMAX for every clock in the design, regardless of the user-specified clock periods.  FMAX is only computed for paths where the source and destination registers or ports are driven by the same clock.  Paths of different clocks, including generated clocks, are ignored.  For paths between a clock and its inversion, FMAX is computed as if the rising and falling edges are scaled along with FMAX, such that the duty cycle (in terms of a percentage) is maintained. Altera recommends that you always use clock constraints and other slack reports for sign-off analysis.


----------------------------------
; Timing Closure Recommendations ;
----------------------------------
HTML report is unavailable in plain text report export.


+-------------------------------------+
; Slow 1200mV 85C Model Setup Summary ;
+----------+--------+-----------------+
; Clock    ; Slack  ; End Point TNS   ;
+----------+--------+-----------------+
; clk      ; -4.001 ; -38.865         ;
; clk_16ms ; -3.303 ; -72.390         ;
+----------+--------+-----------------+


+------------------------------------+
; Slow 1200mV 85C Model Hold Summary ;
+----------+-------+-----------------+
; Clock    ; Slack ; End Point TNS   ;
+----------+-------+-----------------+
; clk_16ms ; 0.454 ; 0.000           ;
; clk      ; 0.742 ; 0.000           ;
+----------+-------+-----------------+


------------------------------------------
; Slow 1200mV 85C Model Recovery Summary ;
------------------------------------------
No paths to report.


-----------------------------------------
; Slow 1200mV 85C Model Removal Summary ;
-----------------------------------------
No paths to report.


+---------------------------------------------------+
; Slow 1200mV 85C Model Minimum Pulse Width Summary ;
+----------+--------+-------------------------------+
; Clock    ; Slack  ; End Point TNS                 ;
+----------+--------+-------------------------------+
; clk      ; -3.000 ; -34.227                       ;
; clk_16ms ; -1.487 ; -46.097                       ;
+----------+--------+-------------------------------+


+------------------------------------------------------------------------------------------------------------------+
; Slow 1200mV 85C Model Setup: 'clk'                                                                               ;
+--------+-----------------+-----------------+--------------+-------------+--------------+------------+------------+
; Slack  ; From Node       ; To Node         ; Launch Clock ; Latch Clock ; Relationship ; Clock Skew ; Data Delay ;
+--------+-----------------+-----------------+--------------+-------------+--------------+------------+------------+
; -4.001 ; clk_counter[12] ; clk_16ms        ; clk          ; clk         ; 1.000        ; -0.082     ; 4.920      ;
; -3.932 ; clk_counter[13] ; clk_16ms        ; clk          ; clk         ; 1.000        ; -0.082     ; 4.851      ;
; -3.781 ; clk_counter[14] ; clk_16ms        ; clk          ; clk         ; 1.000        ; -0.082     ; 4.700      ;
; -3.670 ; clk_counter[10] ; clk_16ms        ; clk          ; clk         ; 1.000        ; -0.082     ; 4.589      ;
; -3.608 ; clk_counter[15] ; clk_16ms        ; clk          ; clk         ; 1.000        ; -0.082     ; 4.527      ;
; -3.508 ; clk_counter[5]  ; clk_16ms        ; clk          ; clk         ; 1.000        ; -0.082     ; 4.427      ;
; -3.493 ; clk_counter[0]  ; clk_16ms        ; clk          ; clk         ; 1.000        ; -0.082     ; 4.412      ;
; -3.493 ; clk_counter[4]  ; clk_16ms        ; clk          ; clk         ; 1.000        ; -0.082     ; 4.412      ;
; -3.489 ; clk_counter[11] ; clk_16ms        ; clk          ; clk         ; 1.000        ; -0.082     ; 4.408      ;
; -3.479 ; clk_counter[2]  ; clk_16ms        ; clk          ; clk         ; 1.000        ; -0.082     ; 4.398      ;
; -3.433 ; clk_counter[16] ; clk_16ms        ; clk          ; clk         ; 1.000        ; -0.082     ; 4.352      ;
; -3.423 ; clk_counter[17] ; clk_16ms        ; clk          ; clk         ; 1.000        ; -0.082     ; 4.342      ;
; -3.382 ; clk_counter[7]  ; clk_16ms        ; clk          ; clk         ; 1.000        ; -0.082     ; 4.301      ;
; -3.367 ; clk_counter[1]  ; clk_16ms        ; clk          ; clk         ; 1.000        ; -0.082     ; 4.286      ;
; -3.304 ; clk_counter[9]  ; clk_16ms        ; clk          ; clk         ; 1.000        ; -0.082     ; 4.223      ;
; -3.290 ; clk_counter[8]  ; clk_16ms        ; clk          ; clk         ; 1.000        ; -0.082     ; 4.209      ;
; -3.272 ; clk_counter[19] ; clk_16ms        ; clk          ; clk         ; 1.000        ; -0.082     ; 4.191      ;
; -3.198 ; clk_counter[6]  ; clk_16ms        ; clk          ; clk         ; 1.000        ; -0.082     ; 4.117      ;
; -3.185 ; clk_counter[3]  ; clk_16ms        ; clk          ; clk         ; 1.000        ; -0.082     ; 4.104      ;
; -3.089 ; clk_counter[18] ; clk_16ms        ; clk          ; clk         ; 1.000        ; -0.082     ; 4.008      ;
; -2.648 ; clk_counter[12] ; clk_counter[18] ; clk          ; clk         ; 1.000        ; -0.081     ; 3.568      ;
; -2.648 ; clk_counter[12] ; clk_counter[10] ; clk          ; clk         ; 1.000        ; -0.081     ; 3.568      ;
; -2.647 ; clk_counter[12] ; clk_counter[19] ; clk          ; clk         ; 1.000        ; -0.081     ; 3.567      ;
; -2.647 ; clk_counter[12] ; clk_counter[13] ; clk          ; clk         ; 1.000        ; -0.081     ; 3.567      ;
; -2.641 ; clk_counter[0]  ; clk_counter[19] ; clk          ; clk         ; 1.000        ; -0.081     ; 3.561      ;
; -2.617 ; clk_counter[1]  ; clk_counter[18] ; clk          ; clk         ; 1.000        ; -0.081     ; 3.537      ;
; -2.579 ; clk_counter[13] ; clk_counter[18] ; clk          ; clk         ; 1.000        ; -0.081     ; 3.499      ;
; -2.579 ; clk_counter[13] ; clk_counter[10] ; clk          ; clk         ; 1.000        ; -0.081     ; 3.499      ;
; -2.578 ; clk_counter[13] ; clk_counter[19] ; clk          ; clk         ; 1.000        ; -0.081     ; 3.498      ;
; -2.578 ; clk_counter[13] ; clk_counter[13] ; clk          ; clk         ; 1.000        ; -0.081     ; 3.498      ;
; -2.567 ; clk_counter[1]  ; clk_counter[19] ; clk          ; clk         ; 1.000        ; -0.081     ; 3.487      ;
; -2.528 ; clk_counter[0]  ; clk_counter[18] ; clk          ; clk         ; 1.000        ; -0.081     ; 3.448      ;
; -2.498 ; clk_counter[2]  ; clk_counter[19] ; clk          ; clk         ; 1.000        ; -0.081     ; 3.418      ;
; -2.494 ; clk_counter[12] ; clk_counter[12] ; clk          ; clk         ; 1.000        ; -0.081     ; 3.414      ;
; -2.470 ; clk_counter[3]  ; clk_counter[18] ; clk          ; clk         ; 1.000        ; -0.081     ; 3.390      ;
; -2.428 ; clk_counter[14] ; clk_counter[18] ; clk          ; clk         ; 1.000        ; -0.081     ; 3.348      ;
; -2.428 ; clk_counter[14] ; clk_counter[10] ; clk          ; clk         ; 1.000        ; -0.081     ; 3.348      ;
; -2.427 ; clk_counter[14] ; clk_counter[19] ; clk          ; clk         ; 1.000        ; -0.081     ; 3.347      ;
; -2.427 ; clk_counter[14] ; clk_counter[13] ; clk          ; clk         ; 1.000        ; -0.081     ; 3.347      ;
; -2.425 ; clk_counter[13] ; clk_counter[12] ; clk          ; clk         ; 1.000        ; -0.081     ; 3.345      ;
; -2.420 ; clk_counter[3]  ; clk_counter[19] ; clk          ; clk         ; 1.000        ; -0.081     ; 3.340      ;
; -2.375 ; clk_counter[2]  ; clk_counter[18] ; clk          ; clk         ; 1.000        ; -0.081     ; 3.295      ;
; -2.351 ; clk_counter[4]  ; clk_counter[19] ; clk          ; clk         ; 1.000        ; -0.081     ; 3.271      ;
; -2.332 ; clk_counter[1]  ; clk_counter[12] ; clk          ; clk         ; 1.000        ; -0.081     ; 3.252      ;
; -2.322 ; clk_counter[5]  ; clk_counter[18] ; clk          ; clk         ; 1.000        ; -0.081     ; 3.242      ;
; -2.317 ; clk_counter[10] ; clk_counter[18] ; clk          ; clk         ; 1.000        ; -0.081     ; 3.237      ;
; -2.317 ; clk_counter[10] ; clk_counter[10] ; clk          ; clk         ; 1.000        ; -0.081     ; 3.237      ;
; -2.316 ; clk_counter[10] ; clk_counter[19] ; clk          ; clk         ; 1.000        ; -0.081     ; 3.236      ;
; -2.316 ; clk_counter[10] ; clk_counter[13] ; clk          ; clk         ; 1.000        ; -0.081     ; 3.236      ;
; -2.274 ; clk_counter[14] ; clk_counter[12] ; clk          ; clk         ; 1.000        ; -0.081     ; 3.194      ;
; -2.272 ; clk_counter[5]  ; clk_counter[19] ; clk          ; clk         ; 1.000        ; -0.081     ; 3.192      ;
; -2.255 ; clk_counter[15] ; clk_counter[18] ; clk          ; clk         ; 1.000        ; -0.081     ; 3.175      ;
; -2.255 ; clk_counter[15] ; clk_counter[10] ; clk          ; clk         ; 1.000        ; -0.081     ; 3.175      ;
; -2.254 ; clk_counter[15] ; clk_counter[19] ; clk          ; clk         ; 1.000        ; -0.081     ; 3.174      ;
; -2.254 ; clk_counter[15] ; clk_counter[13] ; clk          ; clk         ; 1.000        ; -0.081     ; 3.174      ;
; -2.243 ; clk_counter[0]  ; clk_counter[12] ; clk          ; clk         ; 1.000        ; -0.081     ; 3.163      ;
; -2.237 ; clk_counter[12] ; clk_counter[8]  ; clk          ; clk         ; 1.000        ; -0.081     ; 3.157      ;
; -2.228 ; clk_counter[4]  ; clk_counter[18] ; clk          ; clk         ; 1.000        ; -0.081     ; 3.148      ;
; -2.205 ; clk_counter[6]  ; clk_counter[19] ; clk          ; clk         ; 1.000        ; -0.081     ; 3.125      ;
; -2.205 ; clk_counter[0]  ; clk_counter[13] ; clk          ; clk         ; 1.000        ; -0.081     ; 3.125      ;
; -2.185 ; clk_counter[3]  ; clk_counter[12] ; clk          ; clk         ; 1.000        ; -0.081     ; 3.105      ;
; -2.175 ; clk_counter[13] ; clk_counter[8]  ; clk          ; clk         ; 1.000        ; -0.081     ; 3.095      ;
; -2.173 ; clk_counter[7]  ; clk_counter[18] ; clk          ; clk         ; 1.000        ; -0.081     ; 3.093      ;
; -2.163 ; clk_counter[10] ; clk_counter[12] ; clk          ; clk         ; 1.000        ; -0.081     ; 3.083      ;
; -2.136 ; clk_counter[11] ; clk_counter[18] ; clk          ; clk         ; 1.000        ; -0.081     ; 3.056      ;
; -2.136 ; clk_counter[11] ; clk_counter[10] ; clk          ; clk         ; 1.000        ; -0.081     ; 3.056      ;
; -2.135 ; clk_counter[11] ; clk_counter[19] ; clk          ; clk         ; 1.000        ; -0.081     ; 3.055      ;
; -2.135 ; clk_counter[11] ; clk_counter[13] ; clk          ; clk         ; 1.000        ; -0.081     ; 3.055      ;
; -2.132 ; clk_counter[1]  ; clk_counter[13] ; clk          ; clk         ; 1.000        ; -0.081     ; 3.052      ;
; -2.123 ; clk_counter[7]  ; clk_counter[19] ; clk          ; clk         ; 1.000        ; -0.081     ; 3.043      ;
; -2.122 ; clk_counter[5]  ; clk_counter[13] ; clk          ; clk         ; 1.000        ; -0.081     ; 3.042      ;
; -2.122 ; clk_counter[5]  ; clk_counter[10] ; clk          ; clk         ; 1.000        ; -0.081     ; 3.042      ;
; -2.107 ; clk_counter[0]  ; clk_counter[10] ; clk          ; clk         ; 1.000        ; -0.081     ; 3.027      ;
; -2.107 ; clk_counter[4]  ; clk_counter[13] ; clk          ; clk         ; 1.000        ; -0.081     ; 3.027      ;
; -2.107 ; clk_counter[4]  ; clk_counter[10] ; clk          ; clk         ; 1.000        ; -0.081     ; 3.027      ;
; -2.101 ; clk_counter[15] ; clk_counter[12] ; clk          ; clk         ; 1.000        ; -0.081     ; 3.021      ;
; -2.093 ; clk_counter[2]  ; clk_counter[13] ; clk          ; clk         ; 1.000        ; -0.081     ; 3.013      ;
; -2.093 ; clk_counter[2]  ; clk_counter[10] ; clk          ; clk         ; 1.000        ; -0.081     ; 3.013      ;
; -2.090 ; clk_counter[2]  ; clk_counter[12] ; clk          ; clk         ; 1.000        ; -0.081     ; 3.010      ;
; -2.080 ; clk_counter[0]  ; clk_counter[17] ; clk          ; clk         ; 1.000        ; -0.081     ; 3.000      ;
; -2.077 ; clk_counter[6]  ; clk_counter[18] ; clk          ; clk         ; 1.000        ; -0.081     ; 2.997      ;
; -2.062 ; clk_counter[8]  ; clk_counter[19] ; clk          ; clk         ; 1.000        ; -0.081     ; 2.982      ;
; -2.056 ; clk_counter[1]  ; clk_counter[16] ; clk          ; clk         ; 1.000        ; -0.081     ; 2.976      ;
; -2.037 ; clk_counter[5]  ; clk_counter[12] ; clk          ; clk         ; 1.000        ; -0.081     ; 2.957      ;
; -2.035 ; clk_counter[1]  ; clk_counter[10] ; clk          ; clk         ; 1.000        ; -0.081     ; 2.955      ;
; -2.029 ; clk_counter[9]  ; clk_counter[18] ; clk          ; clk         ; 1.000        ; -0.081     ; 2.949      ;
; -2.026 ; clk_counter[1]  ; clk_counter[17] ; clk          ; clk         ; 1.000        ; -0.081     ; 2.946      ;
; -2.016 ; clk_counter[14] ; clk_counter[8]  ; clk          ; clk         ; 1.000        ; -0.081     ; 2.936      ;
; -1.996 ; clk_counter[7]  ; clk_counter[13] ; clk          ; clk         ; 1.000        ; -0.081     ; 2.916      ;
; -1.996 ; clk_counter[7]  ; clk_counter[10] ; clk          ; clk         ; 1.000        ; -0.081     ; 2.916      ;
; -1.985 ; clk_counter[3]  ; clk_counter[13] ; clk          ; clk         ; 1.000        ; -0.081     ; 2.905      ;
; -1.982 ; clk_counter[11] ; clk_counter[12] ; clk          ; clk         ; 1.000        ; -0.081     ; 2.902      ;
; -1.979 ; clk_counter[9]  ; clk_counter[19] ; clk          ; clk         ; 1.000        ; -0.081     ; 2.899      ;
; -1.967 ; clk_counter[0]  ; clk_counter[16] ; clk          ; clk         ; 1.000        ; -0.081     ; 2.887      ;
; -1.967 ; clk_counter[4]  ; clk_counter[12] ; clk          ; clk         ; 1.000        ; -0.081     ; 2.887      ;
; -1.951 ; clk_counter[9]  ; clk_counter[10] ; clk          ; clk         ; 1.000        ; -0.081     ; 2.871      ;
; -1.950 ; clk_counter[9]  ; clk_counter[13] ; clk          ; clk         ; 1.000        ; -0.081     ; 2.870      ;
; -1.939 ; clk_counter[8]  ; clk_counter[18] ; clk          ; clk         ; 1.000        ; -0.081     ; 2.859      ;
; -1.937 ; clk_counter[8]  ; clk_counter[10] ; clk          ; clk         ; 1.000        ; -0.081     ; 2.857      ;
; -1.937 ; clk_counter[2]  ; clk_counter[17] ; clk          ; clk         ; 1.000        ; -0.081     ; 2.857      ;
+--------+-----------------+-----------------+--------------+-------------+--------------+------------+------------+


+------------------------------------------------------------------------------------------------------------------------------------------+
; Slow 1200mV 85C Model Setup: 'clk_16ms'                                                                                                  ;
+--------+-----------------------------+-----------------------------+--------------+-------------+--------------+------------+------------+
; Slack  ; From Node                   ; To Node                     ; Launch Clock ; Latch Clock ; Relationship ; Clock Skew ; Data Delay ;
+--------+-----------------------------+-----------------------------+--------------+-------------+--------------+------------+------------+
; -3.303 ; static_data_mem[20][0]      ; data[4]~reg0                ; clk_16ms     ; clk_16ms    ; 1.000        ; -0.085     ; 4.219      ;
; -3.244 ; data_counter[1]             ; data[4]~reg0                ; clk_16ms     ; clk_16ms    ; 1.000        ; -0.085     ; 4.160      ;
; -3.242 ; data_counter[3]             ; data[4]~reg0                ; clk_16ms     ; clk_16ms    ; 1.000        ; -0.085     ; 4.158      ;
; -3.239 ; data_counter[1]             ; data[5]~reg0                ; clk_16ms     ; clk_16ms    ; 1.000        ; -0.085     ; 4.155      ;
; -3.237 ; data_counter[3]             ; data[5]~reg0                ; clk_16ms     ; clk_16ms    ; 1.000        ; -0.085     ; 4.153      ;
; -3.182 ; data_counter[0]             ; data[4]~reg0                ; clk_16ms     ; clk_16ms    ; 1.000        ; -0.085     ; 4.098      ;
; -3.126 ; data_counter[2]             ; data[5]~reg0                ; clk_16ms     ; clk_16ms    ; 1.000        ; -0.085     ; 4.042      ;
; -3.027 ; data_counter[0]             ; data[5]~reg0                ; clk_16ms     ; clk_16ms    ; 1.000        ; -0.085     ; 3.943      ;
; -2.984 ; data_counter[2]             ; data[4]~reg0                ; clk_16ms     ; clk_16ms    ; 1.000        ; -0.085     ; 3.900      ;
; -2.968 ; fsm_state.CONFIG_CMD1       ; data[4]~reg0                ; clk_16ms     ; clk_16ms    ; 1.000        ; -0.080     ; 3.889      ;
; -2.963 ; fsm_state.CONFIG_CMD1       ; data[5]~reg0                ; clk_16ms     ; clk_16ms    ; 1.000        ; -0.080     ; 3.884      ;
; -2.963 ; command_counter[2]          ; data[4]~reg0                ; clk_16ms     ; clk_16ms    ; 1.000        ; -0.080     ; 3.884      ;
; -2.958 ; command_counter[2]          ; data[5]~reg0                ; clk_16ms     ; clk_16ms    ; 1.000        ; -0.080     ; 3.879      ;
; -2.886 ; static_data_mem[10][2]      ; data[5]~reg0                ; clk_16ms     ; clk_16ms    ; 1.000        ; -0.085     ; 3.802      ;
; -2.857 ; static_data_mem[20][0]      ; data[5]~reg0                ; clk_16ms     ; clk_16ms    ; 1.000        ; -0.085     ; 3.773      ;
; -2.801 ; data_counter[1]             ; data_counter[4]             ; clk_16ms     ; clk_16ms    ; 1.000        ; -0.081     ; 3.721      ;
; -2.801 ; data_counter[1]             ; data_counter[3]             ; clk_16ms     ; clk_16ms    ; 1.000        ; -0.081     ; 3.721      ;
; -2.801 ; data_counter[1]             ; data_counter[2]             ; clk_16ms     ; clk_16ms    ; 1.000        ; -0.081     ; 3.721      ;
; -2.801 ; data_counter[1]             ; data_counter[1]             ; clk_16ms     ; clk_16ms    ; 1.000        ; -0.081     ; 3.721      ;
; -2.801 ; data_counter[1]             ; data_counter[0]             ; clk_16ms     ; clk_16ms    ; 1.000        ; -0.081     ; 3.721      ;
; -2.799 ; data_counter[3]             ; data_counter[4]             ; clk_16ms     ; clk_16ms    ; 1.000        ; -0.081     ; 3.719      ;
; -2.799 ; data_counter[3]             ; data_counter[3]             ; clk_16ms     ; clk_16ms    ; 1.000        ; -0.081     ; 3.719      ;
; -2.799 ; data_counter[3]             ; data_counter[2]             ; clk_16ms     ; clk_16ms    ; 1.000        ; -0.081     ; 3.719      ;
; -2.799 ; data_counter[3]             ; data_counter[1]             ; clk_16ms     ; clk_16ms    ; 1.000        ; -0.081     ; 3.719      ;
; -2.799 ; data_counter[3]             ; data_counter[0]             ; clk_16ms     ; clk_16ms    ; 1.000        ; -0.081     ; 3.719      ;
; -2.795 ; data_counter[3]             ; data[3]~reg0                ; clk_16ms     ; clk_16ms    ; 1.000        ; 0.387      ; 4.183      ;
; -2.778 ; static_data_mem[20][2]      ; data[5]~reg0                ; clk_16ms     ; clk_16ms    ; 1.000        ; -0.085     ; 3.694      ;
; -2.734 ; data_counter[3]             ; data[2]~reg0                ; clk_16ms     ; clk_16ms    ; 1.000        ; 0.387      ; 4.122      ;
; -2.727 ; command_counter[0]          ; data[4]~reg0                ; clk_16ms     ; clk_16ms    ; 1.000        ; -0.080     ; 3.648      ;
; -2.722 ; command_counter[0]          ; data[5]~reg0                ; clk_16ms     ; clk_16ms    ; 1.000        ; -0.080     ; 3.643      ;
; -2.716 ; data_counter[1]             ; command_counter[0]          ; clk_16ms     ; clk_16ms    ; 1.000        ; -0.085     ; 3.632      ;
; -2.716 ; data_counter[1]             ; command_counter[2]          ; clk_16ms     ; clk_16ms    ; 1.000        ; -0.085     ; 3.632      ;
; -2.715 ; data_counter[1]             ; command_counter[1]          ; clk_16ms     ; clk_16ms    ; 1.000        ; -0.085     ; 3.631      ;
; -2.714 ; data_counter[3]             ; command_counter[0]          ; clk_16ms     ; clk_16ms    ; 1.000        ; -0.085     ; 3.630      ;
; -2.714 ; data_counter[3]             ; command_counter[2]          ; clk_16ms     ; clk_16ms    ; 1.000        ; -0.085     ; 3.630      ;
; -2.713 ; data_counter[3]             ; command_counter[1]          ; clk_16ms     ; clk_16ms    ; 1.000        ; -0.085     ; 3.629      ;
; -2.701 ; data_counter[4]             ; data[4]~reg0                ; clk_16ms     ; clk_16ms    ; 1.000        ; -0.085     ; 3.617      ;
; -2.696 ; data_counter[4]             ; data[5]~reg0                ; clk_16ms     ; clk_16ms    ; 1.000        ; -0.085     ; 3.612      ;
; -2.675 ; data_counter[1]             ; data[0]~reg0                ; clk_16ms     ; clk_16ms    ; 1.000        ; 0.387      ; 4.063      ;
; -2.670 ; data_counter[1]             ; data[1]~reg0                ; clk_16ms     ; clk_16ms    ; 1.000        ; 0.387      ; 4.058      ;
; -2.670 ; data_counter[1]             ; data[2]~reg0                ; clk_16ms     ; clk_16ms    ; 1.000        ; 0.387      ; 4.058      ;
; -2.667 ; data_counter[3]             ; data[0]~reg0                ; clk_16ms     ; clk_16ms    ; 1.000        ; 0.387      ; 4.055      ;
; -2.662 ; data_counter[3]             ; data[1]~reg0                ; clk_16ms     ; clk_16ms    ; 1.000        ; 0.387      ; 4.050      ;
; -2.651 ; data_counter[0]             ; data[3]~reg0                ; clk_16ms     ; clk_16ms    ; 1.000        ; 0.387      ; 4.039      ;
; -2.639 ; static_data_mem[10][2]      ; data[2]~reg0                ; clk_16ms     ; clk_16ms    ; 1.000        ; 0.387      ; 4.027      ;
; -2.634 ; data_counter[1]             ; data[3]~reg0                ; clk_16ms     ; clk_16ms    ; 1.000        ; 0.387      ; 4.022      ;
; -2.592 ; data_counter[0]             ; data[2]~reg0                ; clk_16ms     ; clk_16ms    ; 1.000        ; 0.387      ; 3.980      ;
; -2.590 ; command_counter[1]          ; data[4]~reg0                ; clk_16ms     ; clk_16ms    ; 1.000        ; -0.080     ; 3.511      ;
; -2.585 ; command_counter[1]          ; data[5]~reg0                ; clk_16ms     ; clk_16ms    ; 1.000        ; -0.080     ; 3.506      ;
; -2.546 ; static_data_mem[4][3]       ; data[4]~reg0                ; clk_16ms     ; clk_16ms    ; 1.000        ; -0.085     ; 3.462      ;
; -2.542 ; static_data_mem[20][1]      ; data[3]~reg0                ; clk_16ms     ; clk_16ms    ; 1.000        ; 0.387      ; 3.930      ;
; -2.541 ; data_counter[2]             ; data_counter[4]             ; clk_16ms     ; clk_16ms    ; 1.000        ; -0.081     ; 3.461      ;
; -2.541 ; data_counter[2]             ; data_counter[3]             ; clk_16ms     ; clk_16ms    ; 1.000        ; -0.081     ; 3.461      ;
; -2.541 ; data_counter[2]             ; data_counter[2]             ; clk_16ms     ; clk_16ms    ; 1.000        ; -0.081     ; 3.461      ;
; -2.541 ; data_counter[2]             ; data_counter[1]             ; clk_16ms     ; clk_16ms    ; 1.000        ; -0.081     ; 3.461      ;
; -2.541 ; data_counter[2]             ; data_counter[0]             ; clk_16ms     ; clk_16ms    ; 1.000        ; -0.081     ; 3.461      ;
; -2.492 ; data_counter[1]             ; fsm_state.WR_STATIC_TEXT_1L ; clk_16ms     ; clk_16ms    ; 1.000        ; -0.085     ; 3.408      ;
; -2.490 ; data_counter[3]             ; fsm_state.WR_STATIC_TEXT_1L ; clk_16ms     ; clk_16ms    ; 1.000        ; -0.085     ; 3.406      ;
; -2.483 ; data_counter[0]             ; data[6]~reg0                ; clk_16ms     ; clk_16ms    ; 1.000        ; 0.387      ; 3.871      ;
; -2.479 ; data_counter[3]             ; data[6]~reg0                ; clk_16ms     ; clk_16ms    ; 1.000        ; 0.387      ; 3.867      ;
; -2.473 ; fsm_state.WR_STATIC_TEXT_2L ; data_counter[4]             ; clk_16ms     ; clk_16ms    ; 1.000        ; -0.076     ; 3.398      ;
; -2.473 ; fsm_state.WR_STATIC_TEXT_2L ; data_counter[3]             ; clk_16ms     ; clk_16ms    ; 1.000        ; -0.076     ; 3.398      ;
; -2.473 ; fsm_state.WR_STATIC_TEXT_2L ; data_counter[2]             ; clk_16ms     ; clk_16ms    ; 1.000        ; -0.076     ; 3.398      ;
; -2.473 ; fsm_state.WR_STATIC_TEXT_2L ; data_counter[1]             ; clk_16ms     ; clk_16ms    ; 1.000        ; -0.076     ; 3.398      ;
; -2.473 ; fsm_state.WR_STATIC_TEXT_2L ; data_counter[0]             ; clk_16ms     ; clk_16ms    ; 1.000        ; -0.076     ; 3.398      ;
; -2.463 ; data_counter[0]             ; data_counter[4]             ; clk_16ms     ; clk_16ms    ; 1.000        ; -0.081     ; 3.383      ;
; -2.463 ; data_counter[0]             ; data_counter[3]             ; clk_16ms     ; clk_16ms    ; 1.000        ; -0.081     ; 3.383      ;
; -2.463 ; data_counter[0]             ; data_counter[2]             ; clk_16ms     ; clk_16ms    ; 1.000        ; -0.081     ; 3.383      ;
; -2.463 ; data_counter[0]             ; data_counter[1]             ; clk_16ms     ; clk_16ms    ; 1.000        ; -0.081     ; 3.383      ;
; -2.463 ; data_counter[0]             ; data_counter[0]             ; clk_16ms     ; clk_16ms    ; 1.000        ; -0.081     ; 3.383      ;
; -2.457 ; data_counter[2]             ; data[1]~reg0                ; clk_16ms     ; clk_16ms    ; 1.000        ; 0.387      ; 3.845      ;
; -2.456 ; static_data_mem[4][1]       ; data[4]~reg0                ; clk_16ms     ; clk_16ms    ; 1.000        ; -0.085     ; 3.372      ;
; -2.456 ; data_counter[2]             ; command_counter[0]          ; clk_16ms     ; clk_16ms    ; 1.000        ; -0.085     ; 3.372      ;
; -2.456 ; data_counter[2]             ; command_counter[2]          ; clk_16ms     ; clk_16ms    ; 1.000        ; -0.085     ; 3.372      ;
; -2.455 ; data_counter[2]             ; command_counter[1]          ; clk_16ms     ; clk_16ms    ; 1.000        ; -0.085     ; 3.371      ;
; -2.448 ; data_counter[1]             ; data[6]~reg0                ; clk_16ms     ; clk_16ms    ; 1.000        ; 0.387      ; 3.836      ;
; -2.446 ; command_counter[2]          ; command_counter[1]          ; clk_16ms     ; clk_16ms    ; 1.000        ; -0.080     ; 3.367      ;
; -2.440 ; fsm_state.CONFIG_CMD1       ; command_counter[0]          ; clk_16ms     ; clk_16ms    ; 1.000        ; -0.080     ; 3.361      ;
; -2.440 ; fsm_state.CONFIG_CMD1       ; command_counter[2]          ; clk_16ms     ; clk_16ms    ; 1.000        ; -0.080     ; 3.361      ;
; -2.439 ; fsm_state.CONFIG_CMD1       ; command_counter[1]          ; clk_16ms     ; clk_16ms    ; 1.000        ; -0.080     ; 3.360      ;
; -2.435 ; command_counter[2]          ; command_counter[0]          ; clk_16ms     ; clk_16ms    ; 1.000        ; -0.080     ; 3.356      ;
; -2.435 ; command_counter[2]          ; command_counter[2]          ; clk_16ms     ; clk_16ms    ; 1.000        ; -0.080     ; 3.356      ;
; -2.414 ; data_counter[2]             ; data[0]~reg0                ; clk_16ms     ; clk_16ms    ; 1.000        ; 0.387      ; 3.802      ;
; -2.409 ; data_counter[2]             ; data[2]~reg0                ; clk_16ms     ; clk_16ms    ; 1.000        ; 0.387      ; 3.797      ;
; -2.401 ; static_data_mem[20][2]      ; data[4]~reg0                ; clk_16ms     ; clk_16ms    ; 1.000        ; -0.085     ; 3.317      ;
; -2.395 ; static_data_mem[4][3]       ; data[3]~reg0                ; clk_16ms     ; clk_16ms    ; 1.000        ; 0.387      ; 3.783      ;
; -2.381 ; fsm_state.CONFIG_CMD1       ; data[2]~reg0                ; clk_16ms     ; clk_16ms    ; 1.000        ; 0.392      ; 3.774      ;
; -2.380 ; fsm_state.CONFIG_CMD1       ; data[0]~reg0                ; clk_16ms     ; clk_16ms    ; 1.000        ; 0.392      ; 3.773      ;
; -2.378 ; data_counter[0]             ; command_counter[0]          ; clk_16ms     ; clk_16ms    ; 1.000        ; -0.085     ; 3.294      ;
; -2.378 ; data_counter[0]             ; command_counter[2]          ; clk_16ms     ; clk_16ms    ; 1.000        ; -0.085     ; 3.294      ;
; -2.377 ; data_counter[0]             ; command_counter[1]          ; clk_16ms     ; clk_16ms    ; 1.000        ; -0.085     ; 3.293      ;
; -2.376 ; fsm_state.CONFIG_CMD1       ; data[1]~reg0                ; clk_16ms     ; clk_16ms    ; 1.000        ; 0.392      ; 3.769      ;
; -2.376 ; command_counter[2]          ; data[2]~reg0                ; clk_16ms     ; clk_16ms    ; 1.000        ; 0.392      ; 3.769      ;
; -2.375 ; command_counter[2]          ; data[0]~reg0                ; clk_16ms     ; clk_16ms    ; 1.000        ; 0.392      ; 3.768      ;
; -2.374 ; data_counter[2]             ; data[3]~reg0                ; clk_16ms     ; clk_16ms    ; 1.000        ; 0.387      ; 3.762      ;
; -2.371 ; command_counter[2]          ; data[1]~reg0                ; clk_16ms     ; clk_16ms    ; 1.000        ; 0.392      ; 3.764      ;
; -2.359 ; static_data_mem[20][0]      ; data[6]~reg0                ; clk_16ms     ; clk_16ms    ; 1.000        ; 0.387      ; 3.747      ;
; -2.358 ; fsm_state.CONFIG_CMD1       ; data[3]~reg0                ; clk_16ms     ; clk_16ms    ; 1.000        ; 0.392      ; 3.751      ;
; -2.358 ; fsm_state.IDLE              ; data[4]~reg0                ; clk_16ms     ; clk_16ms    ; 1.000        ; -0.080     ; 3.279      ;
; -2.353 ; command_counter[2]          ; data[3]~reg0                ; clk_16ms     ; clk_16ms    ; 1.000        ; 0.392      ; 3.746      ;
+--------+-----------------------------+-----------------------------+--------------+-------------+--------------+------------+------------+


+-----------------------------------------------------------------------------------------------------------------------------------------+
; Slow 1200mV 85C Model Hold: 'clk_16ms'                                                                                                  ;
+-------+-----------------------------+-----------------------------+--------------+-------------+--------------+------------+------------+
; Slack ; From Node                   ; To Node                     ; Launch Clock ; Latch Clock ; Relationship ; Clock Skew ; Data Delay ;
+-------+-----------------------------+-----------------------------+--------------+-------------+--------------+------------+------------+
; 0.454 ; command_counter[1]          ; command_counter[1]          ; clk_16ms     ; clk_16ms    ; 0.000        ; 0.080      ; 0.746      ;
; 0.454 ; command_counter[0]          ; command_counter[0]          ; clk_16ms     ; clk_16ms    ; 0.000        ; 0.080      ; 0.746      ;
; 0.454 ; command_counter[2]          ; command_counter[2]          ; clk_16ms     ; clk_16ms    ; 0.000        ; 0.080      ; 0.746      ;
; 0.454 ; fsm_state.CONFIG_CMD1       ; fsm_state.CONFIG_CMD1       ; clk_16ms     ; clk_16ms    ; 0.000        ; 0.080      ; 0.746      ;
; 0.518 ; fsm_state.WR_STATIC_TEXT_2L ; fsm_state.IDLE              ; clk_16ms     ; clk_16ms    ; 0.000        ; 0.080      ; 0.810      ;
; 0.775 ; fsm_state.WR_STATIC_TEXT_1L ; data[7]~reg0                ; clk_16ms     ; clk_16ms    ; 0.000        ; 0.080      ; 1.067      ;
; 0.799 ; data_counter[4]             ; data_counter[4]             ; clk_16ms     ; clk_16ms    ; 0.000        ; 0.081      ; 1.092      ;
; 0.817 ; data_counter[3]             ; data_counter[3]             ; clk_16ms     ; clk_16ms    ; 0.000        ; 0.081      ; 1.110      ;
; 0.824 ; data_counter[1]             ; data_counter[1]             ; clk_16ms     ; clk_16ms    ; 0.000        ; 0.081      ; 1.117      ;
; 0.849 ; data_counter[0]             ; data_counter[0]             ; clk_16ms     ; clk_16ms    ; 0.000        ; 0.081      ; 1.142      ;
; 0.888 ; fsm_state.WR_STATIC_TEXT_1L ; data[6]~reg0                ; clk_16ms     ; clk_16ms    ; 0.000        ; 0.572      ; 1.672      ;
; 0.937 ; fsm_state.CONFIG_CMD1       ; data[0]~reg0                ; clk_16ms     ; clk_16ms    ; 0.000        ; 0.573      ; 1.722      ;
; 0.939 ; fsm_state.CONFIG_CMD1       ; data[1]~reg0                ; clk_16ms     ; clk_16ms    ; 0.000        ; 0.573      ; 1.724      ;
; 0.974 ; fsm_state.CONFIG_CMD1       ; data[2]~reg0                ; clk_16ms     ; clk_16ms    ; 0.000        ; 0.573      ; 1.759      ;
; 0.978 ; fsm_state.CONFIG_CMD2       ; rs~reg0                     ; clk_16ms     ; clk_16ms    ; 0.000        ; 0.530      ; 1.720      ;
; 1.031 ; fsm_state.WR_STATIC_TEXT_2L ; rs~reg0                     ; clk_16ms     ; clk_16ms    ; 0.000        ; 0.530      ; 1.773      ;
; 1.051 ; data_counter[2]             ; data_counter[2]             ; clk_16ms     ; clk_16ms    ; 0.000        ; 0.081      ; 1.344      ;
; 1.093 ; fsm_state.IDLE              ; fsm_state.IDLE              ; clk_16ms     ; clk_16ms    ; 0.000        ; 0.080      ; 1.385      ;
; 1.097 ; fsm_state.CONFIG_CMD1       ; data[3]~reg0                ; clk_16ms     ; clk_16ms    ; 0.000        ; 0.572      ; 1.881      ;
; 1.124 ; command_counter[0]          ; data[0]~reg0                ; clk_16ms     ; clk_16ms    ; 0.000        ; 0.573      ; 1.909      ;
; 1.125 ; command_counter[0]          ; data[1]~reg0                ; clk_16ms     ; clk_16ms    ; 0.000        ; 0.573      ; 1.910      ;
; 1.130 ; command_counter[0]          ; data[2]~reg0                ; clk_16ms     ; clk_16ms    ; 0.000        ; 0.573      ; 1.915      ;
; 1.172 ; data_counter[3]             ; data_counter[4]             ; clk_16ms     ; clk_16ms    ; 0.000        ; 0.081      ; 1.465      ;
; 1.173 ; fsm_state.WR_STATIC_TEXT_1L ; fsm_state.CONFIG_CMD2       ; clk_16ms     ; clk_16ms    ; 0.000        ; 0.080      ; 1.465      ;
; 1.178 ; data_counter[1]             ; data_counter[2]             ; clk_16ms     ; clk_16ms    ; 0.000        ; 0.081      ; 1.471      ;
; 1.187 ; data_counter[0]             ; data_counter[1]             ; clk_16ms     ; clk_16ms    ; 0.000        ; 0.081      ; 1.480      ;
; 1.195 ; command_counter[1]          ; fsm_state.CONFIG_CMD1       ; clk_16ms     ; clk_16ms    ; 0.000        ; 0.080      ; 1.487      ;
; 1.196 ; data_counter[0]             ; data_counter[2]             ; clk_16ms     ; clk_16ms    ; 0.000        ; 0.081      ; 1.489      ;
; 1.230 ; command_counter[1]          ; data[0]~reg0                ; clk_16ms     ; clk_16ms    ; 0.000        ; 0.573      ; 2.015      ;
; 1.231 ; data_counter[0]             ; data[1]~reg0                ; clk_16ms     ; clk_16ms    ; 0.000        ; 0.569      ; 2.012      ;
; 1.237 ; command_counter[1]          ; data[1]~reg0                ; clk_16ms     ; clk_16ms    ; 0.000        ; 0.573      ; 2.022      ;
; 1.239 ; command_counter[0]          ; data[3]~reg0                ; clk_16ms     ; clk_16ms    ; 0.000        ; 0.572      ; 2.023      ;
; 1.252 ; command_counter[1]          ; data[2]~reg0                ; clk_16ms     ; clk_16ms    ; 0.000        ; 0.573      ; 2.037      ;
; 1.270 ; data_counter[2]             ; data[0]~reg0                ; clk_16ms     ; clk_16ms    ; 0.000        ; 0.569      ; 2.051      ;
; 1.278 ; data_counter[2]             ; data[2]~reg0                ; clk_16ms     ; clk_16ms    ; 0.000        ; 0.569      ; 2.059      ;
; 1.293 ; data_counter[4]             ; data[7]~reg0                ; clk_16ms     ; clk_16ms    ; 0.000        ; 0.076      ; 1.581      ;
; 1.309 ; data_counter[1]             ; data_counter[3]             ; clk_16ms     ; clk_16ms    ; 0.000        ; 0.081      ; 1.602      ;
; 1.318 ; data_counter[1]             ; data_counter[4]             ; clk_16ms     ; clk_16ms    ; 0.000        ; 0.081      ; 1.611      ;
; 1.327 ; data_counter[0]             ; data_counter[3]             ; clk_16ms     ; clk_16ms    ; 0.000        ; 0.081      ; 1.620      ;
; 1.328 ; fsm_state.CONFIG_CMD2       ; fsm_state.WR_STATIC_TEXT_2L ; clk_16ms     ; clk_16ms    ; 0.000        ; 0.080      ; 1.620      ;
; 1.336 ; command_counter[0]          ; fsm_state.CONFIG_CMD1       ; clk_16ms     ; clk_16ms    ; 0.000        ; 0.080      ; 1.628      ;
; 1.336 ; data_counter[0]             ; data_counter[4]             ; clk_16ms     ; clk_16ms    ; 0.000        ; 0.081      ; 1.629      ;
; 1.381 ; fsm_state.WR_STATIC_TEXT_2L ; fsm_state.WR_STATIC_TEXT_2L ; clk_16ms     ; clk_16ms    ; 0.000        ; 0.080      ; 1.673      ;
; 1.403 ; command_counter[1]          ; data[3]~reg0                ; clk_16ms     ; clk_16ms    ; 0.000        ; 0.572      ; 2.187      ;
; 1.408 ; fsm_state.IDLE              ; fsm_state.CONFIG_CMD1       ; clk_16ms     ; clk_16ms    ; 0.000        ; 0.080      ; 1.700      ;
; 1.412 ; data_counter[2]             ; data_counter[3]             ; clk_16ms     ; clk_16ms    ; 0.000        ; 0.081      ; 1.705      ;
; 1.421 ; data_counter[2]             ; data_counter[4]             ; clk_16ms     ; clk_16ms    ; 0.000        ; 0.081      ; 1.714      ;
; 1.447 ; data_counter[4]             ; fsm_state.IDLE              ; clk_16ms     ; clk_16ms    ; 0.000        ; 0.076      ; 1.735      ;
; 1.454 ; fsm_state.WR_STATIC_TEXT_1L ; command_counter[1]          ; clk_16ms     ; clk_16ms    ; 0.000        ; 0.080      ; 1.746      ;
; 1.455 ; fsm_state.WR_STATIC_TEXT_1L ; command_counter[0]          ; clk_16ms     ; clk_16ms    ; 0.000        ; 0.080      ; 1.747      ;
; 1.455 ; fsm_state.WR_STATIC_TEXT_1L ; command_counter[2]          ; clk_16ms     ; clk_16ms    ; 0.000        ; 0.080      ; 1.747      ;
; 1.457 ; fsm_state.WR_STATIC_TEXT_1L ; rs~reg0                     ; clk_16ms     ; clk_16ms    ; 0.000        ; 0.530      ; 2.199      ;
; 1.479 ; command_counter[2]          ; fsm_state.CONFIG_CMD1       ; clk_16ms     ; clk_16ms    ; 0.000        ; 0.080      ; 1.771      ;
; 1.512 ; data_counter[0]             ; data[7]~reg0                ; clk_16ms     ; clk_16ms    ; 0.000        ; 0.076      ; 1.800      ;
; 1.531 ; data_counter[4]             ; rs~reg0                     ; clk_16ms     ; clk_16ms    ; 0.000        ; 0.526      ; 2.269      ;
; 1.537 ; fsm_state.WR_STATIC_TEXT_1L ; data[4]~reg0                ; clk_16ms     ; clk_16ms    ; 0.000        ; 0.080      ; 1.829      ;
; 1.574 ; fsm_state.CONFIG_CMD2       ; data[3]~reg0                ; clk_16ms     ; clk_16ms    ; 0.000        ; 0.572      ; 2.358      ;
; 1.585 ; fsm_state.CONFIG_CMD1       ; command_counter[0]          ; clk_16ms     ; clk_16ms    ; 0.000        ; 0.080      ; 1.877      ;
; 1.591 ; data_counter[4]             ; data[3]~reg0                ; clk_16ms     ; clk_16ms    ; 0.000        ; 0.568      ; 2.371      ;
; 1.595 ; static_data_mem[20][1]      ; data[2]~reg0                ; clk_16ms     ; clk_16ms    ; 0.000        ; 0.569      ; 2.376      ;
; 1.603 ; fsm_state.CONFIG_CMD1       ; command_counter[1]          ; clk_16ms     ; clk_16ms    ; 0.000        ; 0.080      ; 1.895      ;
; 1.609 ; fsm_state.CONFIG_CMD2       ; data[6]~reg0                ; clk_16ms     ; clk_16ms    ; 0.000        ; 0.572      ; 2.393      ;
; 1.610 ; fsm_state.WR_STATIC_TEXT_2L ; data[3]~reg0                ; clk_16ms     ; clk_16ms    ; 0.000        ; 0.572      ; 2.394      ;
; 1.613 ; fsm_state.CONFIG_CMD1       ; command_counter[2]          ; clk_16ms     ; clk_16ms    ; 0.000        ; 0.080      ; 1.905      ;
; 1.620 ; data_counter[2]             ; data[7]~reg0                ; clk_16ms     ; clk_16ms    ; 0.000        ; 0.076      ; 1.908      ;
; 1.634 ; data_counter[4]             ; data[6]~reg0                ; clk_16ms     ; clk_16ms    ; 0.000        ; 0.568      ; 2.414      ;
; 1.637 ; command_counter[1]          ; command_counter[2]          ; clk_16ms     ; clk_16ms    ; 0.000        ; 0.080      ; 1.929      ;
; 1.653 ; fsm_state.WR_STATIC_TEXT_2L ; data[6]~reg0                ; clk_16ms     ; clk_16ms    ; 0.000        ; 0.572      ; 2.437      ;
; 1.659 ; fsm_state.WR_STATIC_TEXT_1L ; data[3]~reg0                ; clk_16ms     ; clk_16ms    ; 0.000        ; 0.572      ; 2.443      ;
; 1.669 ; data_counter[1]             ; data[6]~reg0                ; clk_16ms     ; clk_16ms    ; 0.000        ; 0.568      ; 2.449      ;
; 1.691 ; data_counter[4]             ; fsm_state.CONFIG_CMD2       ; clk_16ms     ; clk_16ms    ; 0.000        ; 0.076      ; 1.979      ;
; 1.706 ; static_data_mem[20][0]      ; data[6]~reg0                ; clk_16ms     ; clk_16ms    ; 0.000        ; 0.568      ; 2.486      ;
; 1.711 ; fsm_state.CONFIG_CMD1       ; data_counter[4]             ; clk_16ms     ; clk_16ms    ; 0.000        ; 0.085      ; 2.008      ;
; 1.711 ; fsm_state.CONFIG_CMD1       ; data_counter[3]             ; clk_16ms     ; clk_16ms    ; 0.000        ; 0.085      ; 2.008      ;
; 1.711 ; fsm_state.CONFIG_CMD1       ; data_counter[2]             ; clk_16ms     ; clk_16ms    ; 0.000        ; 0.085      ; 2.008      ;
; 1.711 ; fsm_state.CONFIG_CMD1       ; data_counter[1]             ; clk_16ms     ; clk_16ms    ; 0.000        ; 0.085      ; 2.008      ;
; 1.711 ; fsm_state.CONFIG_CMD1       ; data_counter[0]             ; clk_16ms     ; clk_16ms    ; 0.000        ; 0.085      ; 2.008      ;
; 1.720 ; command_counter[1]          ; rs~reg0                     ; clk_16ms     ; clk_16ms    ; 0.000        ; 0.530      ; 2.462      ;
; 1.720 ; data_counter[0]             ; data[6]~reg0                ; clk_16ms     ; clk_16ms    ; 0.000        ; 0.568      ; 2.500      ;
; 1.722 ; data_counter[2]             ; data[3]~reg0                ; clk_16ms     ; clk_16ms    ; 0.000        ; 0.568      ; 2.502      ;
; 1.725 ; fsm_state.CONFIG_CMD2       ; data[5]~reg0                ; clk_16ms     ; clk_16ms    ; 0.000        ; 0.080      ; 2.017      ;
; 1.759 ; command_counter[0]          ; command_counter[1]          ; clk_16ms     ; clk_16ms    ; 0.000        ; 0.080      ; 2.051      ;
; 1.767 ; data_counter[0]             ; data[2]~reg0                ; clk_16ms     ; clk_16ms    ; 0.000        ; 0.569      ; 2.548      ;
; 1.776 ; data_counter[0]             ; rs~reg0                     ; clk_16ms     ; clk_16ms    ; 0.000        ; 0.526      ; 2.514      ;
; 1.778 ; fsm_state.WR_STATIC_TEXT_2L ; data[5]~reg0                ; clk_16ms     ; clk_16ms    ; 0.000        ; 0.080      ; 2.070      ;
; 1.780 ; static_data_mem[10][2]      ; data[0]~reg0                ; clk_16ms     ; clk_16ms    ; 0.000        ; 0.569      ; 2.561      ;
; 1.784 ; fsm_state.CONFIG_CMD2       ; command_counter[1]          ; clk_16ms     ; clk_16ms    ; 0.000        ; 0.080      ; 2.076      ;
; 1.785 ; fsm_state.CONFIG_CMD2       ; command_counter[0]          ; clk_16ms     ; clk_16ms    ; 0.000        ; 0.080      ; 2.077      ;
; 1.785 ; fsm_state.CONFIG_CMD2       ; command_counter[2]          ; clk_16ms     ; clk_16ms    ; 0.000        ; 0.080      ; 2.077      ;
; 1.805 ; command_counter[0]          ; command_counter[2]          ; clk_16ms     ; clk_16ms    ; 0.000        ; 0.080      ; 2.097      ;
; 1.816 ; fsm_state.CONFIG_CMD2       ; data[1]~reg0                ; clk_16ms     ; clk_16ms    ; 0.000        ; 0.573      ; 2.601      ;
; 1.816 ; fsm_state.CONFIG_CMD2       ; data[2]~reg0                ; clk_16ms     ; clk_16ms    ; 0.000        ; 0.573      ; 2.601      ;
; 1.817 ; fsm_state.CONFIG_CMD2       ; data[0]~reg0                ; clk_16ms     ; clk_16ms    ; 0.000        ; 0.573      ; 2.602      ;
; 1.820 ; fsm_state.WR_STATIC_TEXT_2L ; command_counter[1]          ; clk_16ms     ; clk_16ms    ; 0.000        ; 0.080      ; 2.112      ;
; 1.821 ; fsm_state.WR_STATIC_TEXT_2L ; command_counter[0]          ; clk_16ms     ; clk_16ms    ; 0.000        ; 0.080      ; 2.113      ;
; 1.821 ; fsm_state.WR_STATIC_TEXT_2L ; command_counter[2]          ; clk_16ms     ; clk_16ms    ; 0.000        ; 0.080      ; 2.113      ;
; 1.828 ; fsm_state.CONFIG_CMD2       ; data[4]~reg0                ; clk_16ms     ; clk_16ms    ; 0.000        ; 0.080      ; 2.120      ;
; 1.829 ; data_counter[3]             ; data[6]~reg0                ; clk_16ms     ; clk_16ms    ; 0.000        ; 0.568      ; 2.609      ;
; 1.830 ; data_counter[0]             ; fsm_state.IDLE              ; clk_16ms     ; clk_16ms    ; 0.000        ; 0.076      ; 2.118      ;
; 1.833 ; data_counter[4]             ; data[2]~reg0                ; clk_16ms     ; clk_16ms    ; 0.000        ; 0.569      ; 2.614      ;
+-------+-----------------------------+-----------------------------+--------------+-------------+--------------+------------+------------+


+-----------------------------------------------------------------------------------------------------------------+
; Slow 1200mV 85C Model Hold: 'clk'                                                                               ;
+-------+-----------------+-----------------+--------------+-------------+--------------+------------+------------+
; Slack ; From Node       ; To Node         ; Launch Clock ; Latch Clock ; Relationship ; Clock Skew ; Data Delay ;
+-------+-----------------+-----------------+--------------+-------------+--------------+------------+------------+
; 0.742 ; clk_counter[9]  ; clk_counter[9]  ; clk          ; clk         ; 0.000        ; 0.081      ; 1.035      ;
; 0.742 ; clk_counter[7]  ; clk_counter[7]  ; clk          ; clk         ; 0.000        ; 0.081      ; 1.035      ;
; 0.743 ; clk_counter[5]  ; clk_counter[5]  ; clk          ; clk         ; 0.000        ; 0.081      ; 1.036      ;
; 0.746 ; clk_counter[17] ; clk_counter[17] ; clk          ; clk         ; 0.000        ; 0.081      ; 1.039      ;
; 0.746 ; clk_counter[6]  ; clk_counter[6]  ; clk          ; clk         ; 0.000        ; 0.081      ; 1.039      ;
; 0.746 ; clk_counter[3]  ; clk_counter[3]  ; clk          ; clk         ; 0.000        ; 0.081      ; 1.039      ;
; 0.746 ; clk_counter[1]  ; clk_counter[1]  ; clk          ; clk         ; 0.000        ; 0.081      ; 1.039      ;
; 0.747 ; clk_counter[16] ; clk_counter[16] ; clk          ; clk         ; 0.000        ; 0.081      ; 1.040      ;
; 0.747 ; clk_counter[4]  ; clk_counter[4]  ; clk          ; clk         ; 0.000        ; 0.081      ; 1.040      ;
; 0.747 ; clk_counter[2]  ; clk_counter[2]  ; clk          ; clk         ; 0.000        ; 0.081      ; 1.040      ;
; 0.762 ; clk_counter[15] ; clk_counter[15] ; clk          ; clk         ; 0.000        ; 0.081      ; 1.055      ;
; 0.762 ; clk_counter[11] ; clk_counter[11] ; clk          ; clk         ; 0.000        ; 0.081      ; 1.055      ;
; 0.763 ; clk_counter[0]  ; clk_counter[0]  ; clk          ; clk         ; 0.000        ; 0.081      ; 1.056      ;
; 0.765 ; clk_counter[14] ; clk_counter[14] ; clk          ; clk         ; 0.000        ; 0.081      ; 1.058      ;
; 1.098 ; clk_counter[5]  ; clk_counter[6]  ; clk          ; clk         ; 0.000        ; 0.081      ; 1.391      ;
; 1.100 ; clk_counter[3]  ; clk_counter[4]  ; clk          ; clk         ; 0.000        ; 0.081      ; 1.393      ;
; 1.100 ; clk_counter[1]  ; clk_counter[2]  ; clk          ; clk         ; 0.000        ; 0.081      ; 1.393      ;
; 1.107 ; clk_counter[6]  ; clk_counter[7]  ; clk          ; clk         ; 0.000        ; 0.081      ; 1.400      ;
; 1.107 ; clk_counter[0]  ; clk_counter[1]  ; clk          ; clk         ; 0.000        ; 0.081      ; 1.400      ;
; 1.108 ; clk_counter[4]  ; clk_counter[5]  ; clk          ; clk         ; 0.000        ; 0.081      ; 1.401      ;
; 1.108 ; clk_counter[16] ; clk_counter[17] ; clk          ; clk         ; 0.000        ; 0.081      ; 1.401      ;
; 1.108 ; clk_counter[2]  ; clk_counter[3]  ; clk          ; clk         ; 0.000        ; 0.081      ; 1.401      ;
; 1.110 ; clk_counter[8]  ; clk_counter[9]  ; clk          ; clk         ; 0.000        ; 0.081      ; 1.403      ;
; 1.116 ; clk_counter[0]  ; clk_counter[2]  ; clk          ; clk         ; 0.000        ; 0.081      ; 1.409      ;
; 1.117 ; clk_counter[15] ; clk_counter[16] ; clk          ; clk         ; 0.000        ; 0.081      ; 1.410      ;
; 1.117 ; clk_counter[4]  ; clk_counter[6]  ; clk          ; clk         ; 0.000        ; 0.081      ; 1.410      ;
; 1.117 ; clk_counter[2]  ; clk_counter[4]  ; clk          ; clk         ; 0.000        ; 0.081      ; 1.410      ;
; 1.126 ; clk_counter[14] ; clk_counter[15] ; clk          ; clk         ; 0.000        ; 0.081      ; 1.419      ;
; 1.127 ; clk_counter[10] ; clk_counter[11] ; clk          ; clk         ; 0.000        ; 0.081      ; 1.420      ;
; 1.135 ; clk_counter[14] ; clk_counter[16] ; clk          ; clk         ; 0.000        ; 0.081      ; 1.428      ;
; 1.137 ; clk_counter[12] ; clk_counter[14] ; clk          ; clk         ; 0.000        ; 0.081      ; 1.430      ;
; 1.144 ; clk_counter[19] ; clk_counter[19] ; clk          ; clk         ; 0.000        ; 0.081      ; 1.437      ;
; 1.147 ; clk_counter[18] ; clk_counter[18] ; clk          ; clk         ; 0.000        ; 0.081      ; 1.440      ;
; 1.149 ; clk_counter[8]  ; clk_counter[8]  ; clk          ; clk         ; 0.000        ; 0.081      ; 1.442      ;
; 1.166 ; clk_counter[10] ; clk_counter[10] ; clk          ; clk         ; 0.000        ; 0.081      ; 1.459      ;
; 1.227 ; clk_counter[18] ; clk_counter[13] ; clk          ; clk         ; 0.000        ; 0.081      ; 1.520      ;
; 1.227 ; clk_counter[18] ; clk_counter[12] ; clk          ; clk         ; 0.000        ; 0.081      ; 1.520      ;
; 1.227 ; clk_counter[18] ; clk_counter[19] ; clk          ; clk         ; 0.000        ; 0.081      ; 1.520      ;
; 1.227 ; clk_counter[18] ; clk_counter[10] ; clk          ; clk         ; 0.000        ; 0.081      ; 1.520      ;
; 1.228 ; clk_counter[7]  ; clk_counter[9]  ; clk          ; clk         ; 0.000        ; 0.081      ; 1.521      ;
; 1.228 ; clk_counter[9]  ; clk_counter[11] ; clk          ; clk         ; 0.000        ; 0.081      ; 1.521      ;
; 1.229 ; clk_counter[5]  ; clk_counter[7]  ; clk          ; clk         ; 0.000        ; 0.081      ; 1.522      ;
; 1.231 ; clk_counter[3]  ; clk_counter[5]  ; clk          ; clk         ; 0.000        ; 0.081      ; 1.524      ;
; 1.231 ; clk_counter[1]  ; clk_counter[3]  ; clk          ; clk         ; 0.000        ; 0.081      ; 1.524      ;
; 1.238 ; clk_16ms        ; clk_16ms        ; clk_16ms     ; clk         ; 0.000        ; 2.596      ; 4.337      ;
; 1.240 ; clk_counter[3]  ; clk_counter[6]  ; clk          ; clk         ; 0.000        ; 0.081      ; 1.533      ;
; 1.240 ; clk_counter[1]  ; clk_counter[4]  ; clk          ; clk         ; 0.000        ; 0.081      ; 1.533      ;
; 1.247 ; clk_counter[6]  ; clk_counter[9]  ; clk          ; clk         ; 0.000        ; 0.081      ; 1.540      ;
; 1.247 ; clk_counter[0]  ; clk_counter[3]  ; clk          ; clk         ; 0.000        ; 0.081      ; 1.540      ;
; 1.248 ; clk_counter[15] ; clk_counter[17] ; clk          ; clk         ; 0.000        ; 0.081      ; 1.541      ;
; 1.248 ; clk_counter[4]  ; clk_counter[7]  ; clk          ; clk         ; 0.000        ; 0.081      ; 1.541      ;
; 1.248 ; clk_counter[2]  ; clk_counter[5]  ; clk          ; clk         ; 0.000        ; 0.081      ; 1.541      ;
; 1.250 ; clk_counter[8]  ; clk_counter[11] ; clk          ; clk         ; 0.000        ; 0.081      ; 1.543      ;
; 1.256 ; clk_counter[11] ; clk_counter[14] ; clk          ; clk         ; 0.000        ; 0.081      ; 1.549      ;
; 1.256 ; clk_counter[0]  ; clk_counter[4]  ; clk          ; clk         ; 0.000        ; 0.081      ; 1.549      ;
; 1.257 ; clk_counter[2]  ; clk_counter[6]  ; clk          ; clk         ; 0.000        ; 0.081      ; 1.550      ;
; 1.266 ; clk_counter[14] ; clk_counter[17] ; clk          ; clk         ; 0.000        ; 0.081      ; 1.559      ;
; 1.268 ; clk_counter[12] ; clk_counter[15] ; clk          ; clk         ; 0.000        ; 0.081      ; 1.561      ;
; 1.276 ; clk_counter[10] ; clk_counter[14] ; clk          ; clk         ; 0.000        ; 0.081      ; 1.569      ;
; 1.277 ; clk_counter[12] ; clk_counter[16] ; clk          ; clk         ; 0.000        ; 0.081      ; 1.570      ;
; 1.293 ; clk_counter[13] ; clk_counter[14] ; clk          ; clk         ; 0.000        ; 0.081      ; 1.586      ;
; 1.308 ; clk_counter[12] ; clk_counter[12] ; clk          ; clk         ; 0.000        ; 0.081      ; 1.601      ;
; 1.340 ; clk_counter[13] ; clk_counter[13] ; clk          ; clk         ; 0.000        ; 0.081      ; 1.633      ;
; 1.366 ; clk_counter[19] ; clk_counter[13] ; clk          ; clk         ; 0.000        ; 0.081      ; 1.659      ;
; 1.366 ; clk_counter[19] ; clk_counter[12] ; clk          ; clk         ; 0.000        ; 0.081      ; 1.659      ;
; 1.366 ; clk_counter[19] ; clk_counter[18] ; clk          ; clk         ; 0.000        ; 0.081      ; 1.659      ;
; 1.366 ; clk_counter[19] ; clk_counter[10] ; clk          ; clk         ; 0.000        ; 0.081      ; 1.659      ;
; 1.368 ; clk_counter[7]  ; clk_counter[11] ; clk          ; clk         ; 0.000        ; 0.081      ; 1.661      ;
; 1.369 ; clk_counter[5]  ; clk_counter[9]  ; clk          ; clk         ; 0.000        ; 0.081      ; 1.662      ;
; 1.371 ; clk_counter[3]  ; clk_counter[7]  ; clk          ; clk         ; 0.000        ; 0.081      ; 1.664      ;
; 1.371 ; clk_counter[1]  ; clk_counter[5]  ; clk          ; clk         ; 0.000        ; 0.081      ; 1.664      ;
; 1.377 ; clk_counter[9]  ; clk_counter[14] ; clk          ; clk         ; 0.000        ; 0.081      ; 1.670      ;
; 1.380 ; clk_counter[1]  ; clk_counter[6]  ; clk          ; clk         ; 0.000        ; 0.081      ; 1.673      ;
; 1.387 ; clk_counter[11] ; clk_counter[15] ; clk          ; clk         ; 0.000        ; 0.081      ; 1.680      ;
; 1.387 ; clk_counter[6]  ; clk_counter[11] ; clk          ; clk         ; 0.000        ; 0.081      ; 1.680      ;
; 1.387 ; clk_counter[0]  ; clk_counter[5]  ; clk          ; clk         ; 0.000        ; 0.081      ; 1.680      ;
; 1.388 ; clk_counter[4]  ; clk_counter[9]  ; clk          ; clk         ; 0.000        ; 0.081      ; 1.681      ;
; 1.388 ; clk_counter[2]  ; clk_counter[7]  ; clk          ; clk         ; 0.000        ; 0.081      ; 1.681      ;
; 1.395 ; clk_counter[13] ; clk_counter[15] ; clk          ; clk         ; 0.000        ; 0.081      ; 1.688      ;
; 1.396 ; clk_counter[11] ; clk_counter[16] ; clk          ; clk         ; 0.000        ; 0.081      ; 1.689      ;
; 1.396 ; clk_counter[0]  ; clk_counter[6]  ; clk          ; clk         ; 0.000        ; 0.081      ; 1.689      ;
; 1.399 ; clk_counter[8]  ; clk_counter[14] ; clk          ; clk         ; 0.000        ; 0.081      ; 1.692      ;
; 1.407 ; clk_counter[10] ; clk_counter[15] ; clk          ; clk         ; 0.000        ; 0.081      ; 1.700      ;
; 1.408 ; clk_counter[12] ; clk_counter[17] ; clk          ; clk         ; 0.000        ; 0.081      ; 1.701      ;
; 1.416 ; clk_counter[10] ; clk_counter[16] ; clk          ; clk         ; 0.000        ; 0.081      ; 1.709      ;
; 1.433 ; clk_counter[13] ; clk_counter[16] ; clk          ; clk         ; 0.000        ; 0.081      ; 1.726      ;
; 1.497 ; clk_counter[7]  ; clk_counter[8]  ; clk          ; clk         ; 0.000        ; 0.081      ; 1.790      ;
; 1.497 ; clk_counter[9]  ; clk_counter[10] ; clk          ; clk         ; 0.000        ; 0.081      ; 1.790      ;
; 1.498 ; clk_counter[17] ; clk_counter[18] ; clk          ; clk         ; 0.000        ; 0.081      ; 1.791      ;
; 1.508 ; clk_counter[9]  ; clk_counter[15] ; clk          ; clk         ; 0.000        ; 0.081      ; 1.801      ;
; 1.509 ; clk_counter[16] ; clk_counter[13] ; clk          ; clk         ; 0.000        ; 0.081      ; 1.802      ;
; 1.509 ; clk_counter[16] ; clk_counter[12] ; clk          ; clk         ; 0.000        ; 0.081      ; 1.802      ;
; 1.509 ; clk_counter[16] ; clk_counter[19] ; clk          ; clk         ; 0.000        ; 0.081      ; 1.802      ;
; 1.509 ; clk_counter[5]  ; clk_counter[11] ; clk          ; clk         ; 0.000        ; 0.081      ; 1.802      ;
; 1.510 ; clk_counter[16] ; clk_counter[18] ; clk          ; clk         ; 0.000        ; 0.081      ; 1.803      ;
; 1.510 ; clk_counter[16] ; clk_counter[10] ; clk          ; clk         ; 0.000        ; 0.081      ; 1.803      ;
; 1.510 ; clk_counter[12] ; clk_counter[13] ; clk          ; clk         ; 0.000        ; 0.081      ; 1.803      ;
; 1.511 ; clk_counter[3]  ; clk_counter[9]  ; clk          ; clk         ; 0.000        ; 0.081      ; 1.804      ;
; 1.511 ; clk_counter[1]  ; clk_counter[7]  ; clk          ; clk         ; 0.000        ; 0.081      ; 1.804      ;
; 1.516 ; clk_counter[17] ; clk_counter[13] ; clk          ; clk         ; 0.000        ; 0.081      ; 1.809      ;
+-------+-----------------+-----------------+--------------+-------------+--------------+------------+------------+


-----------------------------------------------
; Slow 1200mV 85C Model Metastability Summary ;
-----------------------------------------------
No synchronizer chains to report.


+--------------------------------------------------+
; Slow 1200mV 0C Model Fmax Summary                ;
+------------+-----------------+------------+------+
; Fmax       ; Restricted Fmax ; Clock Name ; Note ;
+------------+-----------------+------------+------+
; 210.22 MHz ; 210.22 MHz      ; clk        ;      ;
; 247.83 MHz ; 247.83 MHz      ; clk_16ms   ;      ;
+------------+-----------------+------------+------+
This panel reports FMAX for every clock in the design, regardless of the user-specified clock periods.  FMAX is only computed for paths where the source and destination registers or ports are driven by the same clock.  Paths of different clocks, including generated clocks, are ignored.  For paths between a clock and its inversion, FMAX is computed as if the rising and falling edges are scaled along with FMAX, such that the duty cycle (in terms of a percentage) is maintained. Altera recommends that you always use clock constraints and other slack reports for sign-off analysis.


+------------------------------------+
; Slow 1200mV 0C Model Setup Summary ;
+----------+--------+----------------+
; Clock    ; Slack  ; End Point TNS  ;
+----------+--------+----------------+
; clk      ; -3.757 ; -33.994        ;
; clk_16ms ; -3.035 ; -65.031        ;
+----------+--------+----------------+


+-----------------------------------+
; Slow 1200mV 0C Model Hold Summary ;
+----------+-------+----------------+
; Clock    ; Slack ; End Point TNS  ;
+----------+-------+----------------+
; clk_16ms ; 0.402 ; 0.000          ;
; clk      ; 0.689 ; 0.000          ;
+----------+-------+----------------+


-----------------------------------------
; Slow 1200mV 0C Model Recovery Summary ;
-----------------------------------------
No paths to report.


----------------------------------------
; Slow 1200mV 0C Model Removal Summary ;
----------------------------------------
No paths to report.


+--------------------------------------------------+
; Slow 1200mV 0C Model Minimum Pulse Width Summary ;
+----------+--------+------------------------------+
; Clock    ; Slack  ; End Point TNS                ;
+----------+--------+------------------------------+
; clk      ; -3.000 ; -34.227                      ;
; clk_16ms ; -1.487 ; -46.097                      ;
+----------+--------+------------------------------+


+------------------------------------------------------------------------------------------------------------------+
; Slow 1200mV 0C Model Setup: 'clk'                                                                                ;
+--------+-----------------+-----------------+--------------+-------------+--------------+------------+------------+
; Slack  ; From Node       ; To Node         ; Launch Clock ; Latch Clock ; Relationship ; Clock Skew ; Data Delay ;
+--------+-----------------+-----------------+--------------+-------------+--------------+------------+------------+
; -3.757 ; clk_counter[12] ; clk_16ms        ; clk          ; clk         ; 1.000        ; -0.071     ; 4.688      ;
; -3.690 ; clk_counter[13] ; clk_16ms        ; clk          ; clk         ; 1.000        ; -0.071     ; 4.621      ;
; -3.482 ; clk_counter[14] ; clk_16ms        ; clk          ; clk         ; 1.000        ; -0.071     ; 4.413      ;
; -3.453 ; clk_counter[10] ; clk_16ms        ; clk          ; clk         ; 1.000        ; -0.071     ; 4.384      ;
; -3.323 ; clk_counter[15] ; clk_16ms        ; clk          ; clk         ; 1.000        ; -0.071     ; 4.254      ;
; -3.213 ; clk_counter[11] ; clk_16ms        ; clk          ; clk         ; 1.000        ; -0.071     ; 4.144      ;
; -3.180 ; clk_counter[2]  ; clk_16ms        ; clk          ; clk         ; 1.000        ; -0.071     ; 4.111      ;
; -3.176 ; clk_counter[4]  ; clk_16ms        ; clk          ; clk         ; 1.000        ; -0.071     ; 4.107      ;
; -3.176 ; clk_counter[0]  ; clk_16ms        ; clk          ; clk         ; 1.000        ; -0.071     ; 4.107      ;
; -3.173 ; clk_counter[5]  ; clk_16ms        ; clk          ; clk         ; 1.000        ; -0.071     ; 4.104      ;
; -3.170 ; clk_counter[16] ; clk_16ms        ; clk          ; clk         ; 1.000        ; -0.071     ; 4.101      ;
; -3.161 ; clk_counter[17] ; clk_16ms        ; clk          ; clk         ; 1.000        ; -0.071     ; 4.092      ;
; -3.080 ; clk_counter[1]  ; clk_16ms        ; clk          ; clk         ; 1.000        ; -0.071     ; 4.011      ;
; -3.078 ; clk_counter[7]  ; clk_16ms        ; clk          ; clk         ; 1.000        ; -0.071     ; 4.009      ;
; -3.052 ; clk_counter[9]  ; clk_16ms        ; clk          ; clk         ; 1.000        ; -0.071     ; 3.983      ;
; -3.038 ; clk_counter[8]  ; clk_16ms        ; clk          ; clk         ; 1.000        ; -0.071     ; 3.969      ;
; -3.010 ; clk_counter[19] ; clk_16ms        ; clk          ; clk         ; 1.000        ; -0.071     ; 3.941      ;
; -2.949 ; clk_counter[3]  ; clk_16ms        ; clk          ; clk         ; 1.000        ; -0.071     ; 3.880      ;
; -2.945 ; clk_counter[6]  ; clk_16ms        ; clk          ; clk         ; 1.000        ; -0.071     ; 3.876      ;
; -2.878 ; clk_counter[18] ; clk_16ms        ; clk          ; clk         ; 1.000        ; -0.071     ; 3.809      ;
; -2.450 ; clk_counter[12] ; clk_counter[18] ; clk          ; clk         ; 1.000        ; -0.072     ; 3.380      ;
; -2.450 ; clk_counter[12] ; clk_counter[19] ; clk          ; clk         ; 1.000        ; -0.072     ; 3.380      ;
; -2.450 ; clk_counter[12] ; clk_counter[13] ; clk          ; clk         ; 1.000        ; -0.072     ; 3.380      ;
; -2.450 ; clk_counter[12] ; clk_counter[10] ; clk          ; clk         ; 1.000        ; -0.072     ; 3.380      ;
; -2.383 ; clk_counter[13] ; clk_counter[18] ; clk          ; clk         ; 1.000        ; -0.072     ; 3.313      ;
; -2.383 ; clk_counter[13] ; clk_counter[19] ; clk          ; clk         ; 1.000        ; -0.072     ; 3.313      ;
; -2.383 ; clk_counter[13] ; clk_counter[13] ; clk          ; clk         ; 1.000        ; -0.072     ; 3.313      ;
; -2.383 ; clk_counter[13] ; clk_counter[10] ; clk          ; clk         ; 1.000        ; -0.072     ; 3.313      ;
; -2.307 ; clk_counter[12] ; clk_counter[12] ; clk          ; clk         ; 1.000        ; -0.072     ; 3.237      ;
; -2.272 ; clk_counter[0]  ; clk_counter[19] ; clk          ; clk         ; 1.000        ; -0.072     ; 3.202      ;
; -2.240 ; clk_counter[13] ; clk_counter[12] ; clk          ; clk         ; 1.000        ; -0.072     ; 3.170      ;
; -2.230 ; clk_counter[1]  ; clk_counter[18] ; clk          ; clk         ; 1.000        ; -0.072     ; 3.160      ;
; -2.175 ; clk_counter[14] ; clk_counter[18] ; clk          ; clk         ; 1.000        ; -0.072     ; 3.105      ;
; -2.175 ; clk_counter[14] ; clk_counter[19] ; clk          ; clk         ; 1.000        ; -0.072     ; 3.105      ;
; -2.175 ; clk_counter[14] ; clk_counter[13] ; clk          ; clk         ; 1.000        ; -0.072     ; 3.105      ;
; -2.175 ; clk_counter[14] ; clk_counter[10] ; clk          ; clk         ; 1.000        ; -0.072     ; 3.105      ;
; -2.157 ; clk_counter[1]  ; clk_counter[19] ; clk          ; clk         ; 1.000        ; -0.072     ; 3.087      ;
; -2.150 ; clk_counter[0]  ; clk_counter[18] ; clk          ; clk         ; 1.000        ; -0.072     ; 3.080      ;
; -2.149 ; clk_counter[2]  ; clk_counter[19] ; clk          ; clk         ; 1.000        ; -0.072     ; 3.079      ;
; -2.146 ; clk_counter[10] ; clk_counter[18] ; clk          ; clk         ; 1.000        ; -0.072     ; 3.076      ;
; -2.146 ; clk_counter[10] ; clk_counter[19] ; clk          ; clk         ; 1.000        ; -0.072     ; 3.076      ;
; -2.146 ; clk_counter[10] ; clk_counter[13] ; clk          ; clk         ; 1.000        ; -0.072     ; 3.076      ;
; -2.146 ; clk_counter[10] ; clk_counter[10] ; clk          ; clk         ; 1.000        ; -0.072     ; 3.076      ;
; -2.103 ; clk_counter[3]  ; clk_counter[18] ; clk          ; clk         ; 1.000        ; -0.072     ; 3.033      ;
; -2.032 ; clk_counter[14] ; clk_counter[12] ; clk          ; clk         ; 1.000        ; -0.072     ; 2.962      ;
; -2.030 ; clk_counter[3]  ; clk_counter[19] ; clk          ; clk         ; 1.000        ; -0.072     ; 2.960      ;
; -2.023 ; clk_counter[4]  ; clk_counter[19] ; clk          ; clk         ; 1.000        ; -0.072     ; 2.953      ;
; -2.016 ; clk_counter[15] ; clk_counter[18] ; clk          ; clk         ; 1.000        ; -0.072     ; 2.946      ;
; -2.016 ; clk_counter[15] ; clk_counter[19] ; clk          ; clk         ; 1.000        ; -0.072     ; 2.946      ;
; -2.016 ; clk_counter[15] ; clk_counter[13] ; clk          ; clk         ; 1.000        ; -0.072     ; 2.946      ;
; -2.016 ; clk_counter[15] ; clk_counter[10] ; clk          ; clk         ; 1.000        ; -0.072     ; 2.946      ;
; -2.015 ; clk_counter[2]  ; clk_counter[18] ; clk          ; clk         ; 1.000        ; -0.072     ; 2.945      ;
; -2.005 ; clk_counter[12] ; clk_counter[8]  ; clk          ; clk         ; 1.000        ; -0.073     ; 2.934      ;
; -2.003 ; clk_counter[10] ; clk_counter[12] ; clk          ; clk         ; 1.000        ; -0.072     ; 2.933      ;
; -1.991 ; clk_counter[1]  ; clk_counter[12] ; clk          ; clk         ; 1.000        ; -0.072     ; 2.921      ;
; -1.975 ; clk_counter[5]  ; clk_counter[18] ; clk          ; clk         ; 1.000        ; -0.072     ; 2.905      ;
; -1.938 ; clk_counter[13] ; clk_counter[8]  ; clk          ; clk         ; 1.000        ; -0.073     ; 2.867      ;
; -1.911 ; clk_counter[0]  ; clk_counter[12] ; clk          ; clk         ; 1.000        ; -0.072     ; 2.841      ;
; -1.906 ; clk_counter[11] ; clk_counter[18] ; clk          ; clk         ; 1.000        ; -0.072     ; 2.836      ;
; -1.906 ; clk_counter[11] ; clk_counter[19] ; clk          ; clk         ; 1.000        ; -0.072     ; 2.836      ;
; -1.906 ; clk_counter[11] ; clk_counter[13] ; clk          ; clk         ; 1.000        ; -0.072     ; 2.836      ;
; -1.906 ; clk_counter[11] ; clk_counter[10] ; clk          ; clk         ; 1.000        ; -0.072     ; 2.836      ;
; -1.902 ; clk_counter[5]  ; clk_counter[19] ; clk          ; clk         ; 1.000        ; -0.072     ; 2.832      ;
; -1.897 ; clk_counter[0]  ; clk_counter[13] ; clk          ; clk         ; 1.000        ; -0.072     ; 2.827      ;
; -1.894 ; clk_counter[6]  ; clk_counter[19] ; clk          ; clk         ; 1.000        ; -0.072     ; 2.824      ;
; -1.888 ; clk_counter[4]  ; clk_counter[18] ; clk          ; clk         ; 1.000        ; -0.072     ; 2.818      ;
; -1.873 ; clk_counter[2]  ; clk_counter[13] ; clk          ; clk         ; 1.000        ; -0.072     ; 2.803      ;
; -1.873 ; clk_counter[2]  ; clk_counter[10] ; clk          ; clk         ; 1.000        ; -0.072     ; 2.803      ;
; -1.873 ; clk_counter[15] ; clk_counter[12] ; clk          ; clk         ; 1.000        ; -0.072     ; 2.803      ;
; -1.869 ; clk_counter[4]  ; clk_counter[13] ; clk          ; clk         ; 1.000        ; -0.072     ; 2.799      ;
; -1.869 ; clk_counter[4]  ; clk_counter[10] ; clk          ; clk         ; 1.000        ; -0.072     ; 2.799      ;
; -1.869 ; clk_counter[0]  ; clk_counter[10] ; clk          ; clk         ; 1.000        ; -0.072     ; 2.799      ;
; -1.866 ; clk_counter[5]  ; clk_counter[13] ; clk          ; clk         ; 1.000        ; -0.072     ; 2.796      ;
; -1.866 ; clk_counter[5]  ; clk_counter[10] ; clk          ; clk         ; 1.000        ; -0.072     ; 2.796      ;
; -1.864 ; clk_counter[3]  ; clk_counter[12] ; clk          ; clk         ; 1.000        ; -0.072     ; 2.794      ;
; -1.846 ; clk_counter[7]  ; clk_counter[18] ; clk          ; clk         ; 1.000        ; -0.072     ; 2.776      ;
; -1.789 ; clk_counter[14] ; clk_counter[8]  ; clk          ; clk         ; 1.000        ; -0.073     ; 2.718      ;
; -1.782 ; clk_counter[1]  ; clk_counter[13] ; clk          ; clk         ; 1.000        ; -0.072     ; 2.712      ;
; -1.776 ; clk_counter[2]  ; clk_counter[12] ; clk          ; clk         ; 1.000        ; -0.072     ; 2.706      ;
; -1.774 ; clk_counter[8]  ; clk_counter[19] ; clk          ; clk         ; 1.000        ; -0.072     ; 2.704      ;
; -1.773 ; clk_counter[7]  ; clk_counter[19] ; clk          ; clk         ; 1.000        ; -0.072     ; 2.703      ;
; -1.773 ; clk_counter[1]  ; clk_counter[10] ; clk          ; clk         ; 1.000        ; -0.072     ; 2.703      ;
; -1.771 ; clk_counter[7]  ; clk_counter[13] ; clk          ; clk         ; 1.000        ; -0.072     ; 2.701      ;
; -1.771 ; clk_counter[7]  ; clk_counter[10] ; clk          ; clk         ; 1.000        ; -0.072     ; 2.701      ;
; -1.763 ; clk_counter[11] ; clk_counter[12] ; clk          ; clk         ; 1.000        ; -0.072     ; 2.693      ;
; -1.759 ; clk_counter[6]  ; clk_counter[18] ; clk          ; clk         ; 1.000        ; -0.072     ; 2.689      ;
; -1.752 ; clk_counter[0]  ; clk_counter[17] ; clk          ; clk         ; 1.000        ; -0.072     ; 2.682      ;
; -1.745 ; clk_counter[9]  ; clk_counter[18] ; clk          ; clk         ; 1.000        ; -0.072     ; 2.675      ;
; -1.745 ; clk_counter[9]  ; clk_counter[19] ; clk          ; clk         ; 1.000        ; -0.072     ; 2.675      ;
; -1.745 ; clk_counter[9]  ; clk_counter[13] ; clk          ; clk         ; 1.000        ; -0.072     ; 2.675      ;
; -1.745 ; clk_counter[9]  ; clk_counter[10] ; clk          ; clk         ; 1.000        ; -0.072     ; 2.675      ;
; -1.736 ; clk_counter[5]  ; clk_counter[12] ; clk          ; clk         ; 1.000        ; -0.072     ; 2.666      ;
; -1.731 ; clk_counter[8]  ; clk_counter[18] ; clk          ; clk         ; 1.000        ; -0.072     ; 2.661      ;
; -1.731 ; clk_counter[8]  ; clk_counter[13] ; clk          ; clk         ; 1.000        ; -0.072     ; 2.661      ;
; -1.731 ; clk_counter[8]  ; clk_counter[10] ; clk          ; clk         ; 1.000        ; -0.072     ; 2.661      ;
; -1.726 ; clk_counter[4]  ; clk_counter[12] ; clk          ; clk         ; 1.000        ; -0.072     ; 2.656      ;
; -1.710 ; clk_counter[1]  ; clk_counter[16] ; clk          ; clk         ; 1.000        ; -0.072     ; 2.640      ;
; -1.701 ; clk_counter[10] ; clk_counter[8]  ; clk          ; clk         ; 1.000        ; -0.073     ; 2.630      ;
; -1.671 ; clk_counter[1]  ; clk_counter[17] ; clk          ; clk         ; 1.000        ; -0.072     ; 2.601      ;
; -1.655 ; clk_counter[3]  ; clk_counter[13] ; clk          ; clk         ; 1.000        ; -0.072     ; 2.585      ;
+--------+-----------------+-----------------+--------------+-------------+--------------+------------+------------+


+------------------------------------------------------------------------------------------------------------------------------------------+
; Slow 1200mV 0C Model Setup: 'clk_16ms'                                                                                                   ;
+--------+-----------------------------+-----------------------------+--------------+-------------+--------------+------------+------------+
; Slack  ; From Node                   ; To Node                     ; Launch Clock ; Latch Clock ; Relationship ; Clock Skew ; Data Delay ;
+--------+-----------------------------+-----------------------------+--------------+-------------+--------------+------------+------------+
; -3.035 ; static_data_mem[20][0]      ; data[4]~reg0                ; clk_16ms     ; clk_16ms    ; 1.000        ; -0.073     ; 3.964      ;
; -3.017 ; data_counter[3]             ; data[4]~reg0                ; clk_16ms     ; clk_16ms    ; 1.000        ; -0.073     ; 3.946      ;
; -2.978 ; data_counter[0]             ; data[4]~reg0                ; clk_16ms     ; clk_16ms    ; 1.000        ; -0.073     ; 3.907      ;
; -2.932 ; data_counter[1]             ; data[4]~reg0                ; clk_16ms     ; clk_16ms    ; 1.000        ; -0.073     ; 3.861      ;
; -2.855 ; data_counter[3]             ; data[5]~reg0                ; clk_16ms     ; clk_16ms    ; 1.000        ; -0.073     ; 3.784      ;
; -2.852 ; data_counter[1]             ; data[5]~reg0                ; clk_16ms     ; clk_16ms    ; 1.000        ; -0.073     ; 3.781      ;
; -2.821 ; data_counter[2]             ; data[5]~reg0                ; clk_16ms     ; clk_16ms    ; 1.000        ; -0.073     ; 3.750      ;
; -2.770 ; data_counter[0]             ; data[5]~reg0                ; clk_16ms     ; clk_16ms    ; 1.000        ; -0.073     ; 3.699      ;
; -2.742 ; data_counter[2]             ; data[4]~reg0                ; clk_16ms     ; clk_16ms    ; 1.000        ; -0.073     ; 3.671      ;
; -2.650 ; static_data_mem[20][0]      ; data[5]~reg0                ; clk_16ms     ; clk_16ms    ; 1.000        ; -0.073     ; 3.579      ;
; -2.621 ; static_data_mem[10][2]      ; data[5]~reg0                ; clk_16ms     ; clk_16ms    ; 1.000        ; -0.073     ; 3.550      ;
; -2.615 ; command_counter[2]          ; data[4]~reg0                ; clk_16ms     ; clk_16ms    ; 1.000        ; -0.072     ; 3.545      ;
; -2.610 ; command_counter[2]          ; data[5]~reg0                ; clk_16ms     ; clk_16ms    ; 1.000        ; -0.072     ; 3.540      ;
; -2.608 ; fsm_state.CONFIG_CMD1       ; data[4]~reg0                ; clk_16ms     ; clk_16ms    ; 1.000        ; -0.072     ; 3.538      ;
; -2.603 ; fsm_state.CONFIG_CMD1       ; data[5]~reg0                ; clk_16ms     ; clk_16ms    ; 1.000        ; -0.072     ; 3.533      ;
; -2.573 ; data_counter[3]             ; data[3]~reg0                ; clk_16ms     ; clk_16ms    ; 1.000        ; 0.373      ; 3.948      ;
; -2.565 ; data_counter[3]             ; data_counter[4]             ; clk_16ms     ; clk_16ms    ; 1.000        ; -0.072     ; 3.495      ;
; -2.565 ; data_counter[3]             ; data_counter[3]             ; clk_16ms     ; clk_16ms    ; 1.000        ; -0.072     ; 3.495      ;
; -2.565 ; data_counter[3]             ; data_counter[2]             ; clk_16ms     ; clk_16ms    ; 1.000        ; -0.072     ; 3.495      ;
; -2.565 ; data_counter[3]             ; data_counter[1]             ; clk_16ms     ; clk_16ms    ; 1.000        ; -0.072     ; 3.495      ;
; -2.565 ; data_counter[3]             ; data_counter[0]             ; clk_16ms     ; clk_16ms    ; 1.000        ; -0.072     ; 3.495      ;
; -2.562 ; data_counter[1]             ; data_counter[4]             ; clk_16ms     ; clk_16ms    ; 1.000        ; -0.072     ; 3.492      ;
; -2.562 ; data_counter[1]             ; data_counter[3]             ; clk_16ms     ; clk_16ms    ; 1.000        ; -0.072     ; 3.492      ;
; -2.562 ; data_counter[1]             ; data_counter[2]             ; clk_16ms     ; clk_16ms    ; 1.000        ; -0.072     ; 3.492      ;
; -2.562 ; data_counter[1]             ; data_counter[1]             ; clk_16ms     ; clk_16ms    ; 1.000        ; -0.072     ; 3.492      ;
; -2.562 ; data_counter[1]             ; data_counter[0]             ; clk_16ms     ; clk_16ms    ; 1.000        ; -0.072     ; 3.492      ;
; -2.549 ; static_data_mem[20][2]      ; data[5]~reg0                ; clk_16ms     ; clk_16ms    ; 1.000        ; -0.073     ; 3.478      ;
; -2.505 ; data_counter[3]             ; data[2]~reg0                ; clk_16ms     ; clk_16ms    ; 1.000        ; 0.373      ; 3.880      ;
; -2.493 ; command_counter[0]          ; data[4]~reg0                ; clk_16ms     ; clk_16ms    ; 1.000        ; -0.072     ; 3.423      ;
; -2.488 ; command_counter[0]          ; data[5]~reg0                ; clk_16ms     ; clk_16ms    ; 1.000        ; -0.072     ; 3.418      ;
; -2.483 ; data_counter[0]             ; data[3]~reg0                ; clk_16ms     ; clk_16ms    ; 1.000        ; 0.373      ; 3.858      ;
; -2.480 ; static_data_mem[10][2]      ; data[2]~reg0                ; clk_16ms     ; clk_16ms    ; 1.000        ; 0.373      ; 3.855      ;
; -2.428 ; data_counter[1]             ; data[2]~reg0                ; clk_16ms     ; clk_16ms    ; 1.000        ; 0.373      ; 3.803      ;
; -2.423 ; data_counter[1]             ; data[0]~reg0                ; clk_16ms     ; clk_16ms    ; 1.000        ; 0.373      ; 3.798      ;
; -2.423 ; data_counter[0]             ; data[2]~reg0                ; clk_16ms     ; clk_16ms    ; 1.000        ; 0.373      ; 3.798      ;
; -2.419 ; data_counter[1]             ; data[1]~reg0                ; clk_16ms     ; clk_16ms    ; 1.000        ; 0.373      ; 3.794      ;
; -2.417 ; data_counter[3]             ; data[0]~reg0                ; clk_16ms     ; clk_16ms    ; 1.000        ; 0.373      ; 3.792      ;
; -2.413 ; data_counter[3]             ; data[1]~reg0                ; clk_16ms     ; clk_16ms    ; 1.000        ; 0.373      ; 3.788      ;
; -2.403 ; data_counter[4]             ; data[4]~reg0                ; clk_16ms     ; clk_16ms    ; 1.000        ; -0.073     ; 3.332      ;
; -2.398 ; data_counter[4]             ; data[5]~reg0                ; clk_16ms     ; clk_16ms    ; 1.000        ; -0.073     ; 3.327      ;
; -2.395 ; data_counter[3]             ; command_counter[0]          ; clk_16ms     ; clk_16ms    ; 1.000        ; -0.073     ; 3.324      ;
; -2.395 ; data_counter[3]             ; command_counter[2]          ; clk_16ms     ; clk_16ms    ; 1.000        ; -0.073     ; 3.324      ;
; -2.394 ; data_counter[3]             ; command_counter[1]          ; clk_16ms     ; clk_16ms    ; 1.000        ; -0.073     ; 3.323      ;
; -2.392 ; data_counter[1]             ; command_counter[0]          ; clk_16ms     ; clk_16ms    ; 1.000        ; -0.073     ; 3.321      ;
; -2.392 ; data_counter[1]             ; command_counter[2]          ; clk_16ms     ; clk_16ms    ; 1.000        ; -0.073     ; 3.321      ;
; -2.391 ; data_counter[1]             ; command_counter[1]          ; clk_16ms     ; clk_16ms    ; 1.000        ; -0.073     ; 3.320      ;
; -2.371 ; static_data_mem[4][3]       ; data[4]~reg0                ; clk_16ms     ; clk_16ms    ; 1.000        ; -0.073     ; 3.300      ;
; -2.365 ; command_counter[1]          ; data[4]~reg0                ; clk_16ms     ; clk_16ms    ; 1.000        ; -0.072     ; 3.295      ;
; -2.360 ; command_counter[1]          ; data[5]~reg0                ; clk_16ms     ; clk_16ms    ; 1.000        ; -0.072     ; 3.290      ;
; -2.345 ; data_counter[2]             ; data_counter[4]             ; clk_16ms     ; clk_16ms    ; 1.000        ; -0.072     ; 3.275      ;
; -2.345 ; data_counter[2]             ; data_counter[3]             ; clk_16ms     ; clk_16ms    ; 1.000        ; -0.072     ; 3.275      ;
; -2.345 ; data_counter[2]             ; data_counter[2]             ; clk_16ms     ; clk_16ms    ; 1.000        ; -0.072     ; 3.275      ;
; -2.345 ; data_counter[2]             ; data_counter[1]             ; clk_16ms     ; clk_16ms    ; 1.000        ; -0.072     ; 3.275      ;
; -2.345 ; data_counter[2]             ; data_counter[0]             ; clk_16ms     ; clk_16ms    ; 1.000        ; -0.072     ; 3.275      ;
; -2.316 ; fsm_state.WR_STATIC_TEXT_2L ; data_counter[4]             ; clk_16ms     ; clk_16ms    ; 1.000        ; -0.071     ; 3.247      ;
; -2.316 ; fsm_state.WR_STATIC_TEXT_2L ; data_counter[3]             ; clk_16ms     ; clk_16ms    ; 1.000        ; -0.071     ; 3.247      ;
; -2.316 ; fsm_state.WR_STATIC_TEXT_2L ; data_counter[2]             ; clk_16ms     ; clk_16ms    ; 1.000        ; -0.071     ; 3.247      ;
; -2.316 ; fsm_state.WR_STATIC_TEXT_2L ; data_counter[1]             ; clk_16ms     ; clk_16ms    ; 1.000        ; -0.071     ; 3.247      ;
; -2.316 ; fsm_state.WR_STATIC_TEXT_2L ; data_counter[0]             ; clk_16ms     ; clk_16ms    ; 1.000        ; -0.071     ; 3.247      ;
; -2.305 ; data_counter[1]             ; data[3]~reg0                ; clk_16ms     ; clk_16ms    ; 1.000        ; 0.373      ; 3.680      ;
; -2.288 ; static_data_mem[4][1]       ; data[4]~reg0                ; clk_16ms     ; clk_16ms    ; 1.000        ; -0.074     ; 3.216      ;
; -2.285 ; static_data_mem[20][1]      ; data[3]~reg0                ; clk_16ms     ; clk_16ms    ; 1.000        ; 0.372      ; 3.659      ;
; -2.266 ; data_counter[0]             ; data_counter[4]             ; clk_16ms     ; clk_16ms    ; 1.000        ; -0.072     ; 3.196      ;
; -2.266 ; data_counter[0]             ; data_counter[3]             ; clk_16ms     ; clk_16ms    ; 1.000        ; -0.072     ; 3.196      ;
; -2.266 ; data_counter[0]             ; data_counter[2]             ; clk_16ms     ; clk_16ms    ; 1.000        ; -0.072     ; 3.196      ;
; -2.266 ; data_counter[0]             ; data_counter[1]             ; clk_16ms     ; clk_16ms    ; 1.000        ; -0.072     ; 3.196      ;
; -2.266 ; data_counter[0]             ; data_counter[0]             ; clk_16ms     ; clk_16ms    ; 1.000        ; -0.072     ; 3.196      ;
; -2.242 ; data_counter[3]             ; data[6]~reg0                ; clk_16ms     ; clk_16ms    ; 1.000        ; 0.373      ; 3.617      ;
; -2.236 ; static_data_mem[20][2]      ; data[4]~reg0                ; clk_16ms     ; clk_16ms    ; 1.000        ; -0.073     ; 3.165      ;
; -2.225 ; data_counter[0]             ; data[6]~reg0                ; clk_16ms     ; clk_16ms    ; 1.000        ; 0.373      ; 3.600      ;
; -2.220 ; static_data_mem[4][3]       ; data[3]~reg0                ; clk_16ms     ; clk_16ms    ; 1.000        ; 0.373      ; 3.595      ;
; -2.218 ; command_counter[2]          ; command_counter[1]          ; clk_16ms     ; clk_16ms    ; 1.000        ; -0.072     ; 3.148      ;
; -2.193 ; fsm_state.WR_STATIC_TEXT_1L ; data_counter[4]             ; clk_16ms     ; clk_16ms    ; 1.000        ; -0.071     ; 3.124      ;
; -2.193 ; fsm_state.WR_STATIC_TEXT_1L ; data_counter[3]             ; clk_16ms     ; clk_16ms    ; 1.000        ; -0.071     ; 3.124      ;
; -2.193 ; fsm_state.WR_STATIC_TEXT_1L ; data_counter[2]             ; clk_16ms     ; clk_16ms    ; 1.000        ; -0.071     ; 3.124      ;
; -2.193 ; fsm_state.WR_STATIC_TEXT_1L ; data_counter[1]             ; clk_16ms     ; clk_16ms    ; 1.000        ; -0.071     ; 3.124      ;
; -2.193 ; fsm_state.WR_STATIC_TEXT_1L ; data_counter[0]             ; clk_16ms     ; clk_16ms    ; 1.000        ; -0.071     ; 3.124      ;
; -2.192 ; static_data_mem[20][0]      ; data[6]~reg0                ; clk_16ms     ; clk_16ms    ; 1.000        ; 0.373      ; 3.567      ;
; -2.190 ; command_counter[2]          ; command_counter[2]          ; clk_16ms     ; clk_16ms    ; 1.000        ; -0.072     ; 3.120      ;
; -2.186 ; static_data_mem[20][0]      ; data[0]~reg0                ; clk_16ms     ; clk_16ms    ; 1.000        ; 0.373      ; 3.561      ;
; -2.185 ; data_counter[1]             ; fsm_state.WR_STATIC_TEXT_1L ; clk_16ms     ; clk_16ms    ; 1.000        ; -0.073     ; 3.114      ;
; -2.185 ; data_counter[3]             ; fsm_state.WR_STATIC_TEXT_1L ; clk_16ms     ; clk_16ms    ; 1.000        ; -0.073     ; 3.114      ;
; -2.185 ; data_counter[2]             ; data[1]~reg0                ; clk_16ms     ; clk_16ms    ; 1.000        ; 0.373      ; 3.560      ;
; -2.177 ; data_counter[2]             ; data[2]~reg0                ; clk_16ms     ; clk_16ms    ; 1.000        ; 0.373      ; 3.552      ;
; -2.175 ; data_counter[2]             ; command_counter[0]          ; clk_16ms     ; clk_16ms    ; 1.000        ; -0.073     ; 3.104      ;
; -2.175 ; data_counter[2]             ; command_counter[2]          ; clk_16ms     ; clk_16ms    ; 1.000        ; -0.073     ; 3.104      ;
; -2.174 ; data_counter[2]             ; command_counter[1]          ; clk_16ms     ; clk_16ms    ; 1.000        ; -0.073     ; 3.103      ;
; -2.172 ; data_counter[2]             ; data[0]~reg0                ; clk_16ms     ; clk_16ms    ; 1.000        ; 0.373      ; 3.547      ;
; -2.168 ; fsm_state.IDLE              ; data[4]~reg0                ; clk_16ms     ; clk_16ms    ; 1.000        ; -0.072     ; 3.098      ;
; -2.166 ; command_counter[2]          ; command_counter[0]          ; clk_16ms     ; clk_16ms    ; 1.000        ; -0.072     ; 3.096      ;
; -2.166 ; data_counter[1]             ; data[6]~reg0                ; clk_16ms     ; clk_16ms    ; 1.000        ; 0.373      ; 3.541      ;
; -2.163 ; static_data_mem[4][5]       ; data[5]~reg0                ; clk_16ms     ; clk_16ms    ; 1.000        ; -0.073     ; 3.092      ;
; -2.161 ; fsm_state.CONFIG_CMD1       ; command_counter[1]          ; clk_16ms     ; clk_16ms    ; 1.000        ; -0.072     ; 3.091      ;
; -2.152 ; data_counter[2]             ; data[6]~reg0                ; clk_16ms     ; clk_16ms    ; 1.000        ; 0.373      ; 3.527      ;
; -2.133 ; fsm_state.CONFIG_CMD1       ; command_counter[2]          ; clk_16ms     ; clk_16ms    ; 1.000        ; -0.072     ; 3.063      ;
; -2.109 ; fsm_state.CONFIG_CMD1       ; command_counter[0]          ; clk_16ms     ; clk_16ms    ; 1.000        ; -0.072     ; 3.039      ;
; -2.103 ; static_data_mem[20][0]      ; data[2]~reg0                ; clk_16ms     ; clk_16ms    ; 1.000        ; 0.373      ; 3.478      ;
; -2.096 ; data_counter[0]             ; command_counter[0]          ; clk_16ms     ; clk_16ms    ; 1.000        ; -0.073     ; 3.025      ;
; -2.096 ; data_counter[0]             ; command_counter[2]          ; clk_16ms     ; clk_16ms    ; 1.000        ; -0.073     ; 3.025      ;
; -2.095 ; data_counter[0]             ; command_counter[1]          ; clk_16ms     ; clk_16ms    ; 1.000        ; -0.073     ; 3.024      ;
+--------+-----------------------------+-----------------------------+--------------+-------------+--------------+------------+------------+


+-----------------------------------------------------------------------------------------------------------------------------------------+
; Slow 1200mV 0C Model Hold: 'clk_16ms'                                                                                                   ;
+-------+-----------------------------+-----------------------------+--------------+-------------+--------------+------------+------------+
; Slack ; From Node                   ; To Node                     ; Launch Clock ; Latch Clock ; Relationship ; Clock Skew ; Data Delay ;
+-------+-----------------------------+-----------------------------+--------------+-------------+--------------+------------+------------+
; 0.402 ; command_counter[1]          ; command_counter[1]          ; clk_16ms     ; clk_16ms    ; 0.000        ; 0.072      ; 0.669      ;
; 0.402 ; command_counter[0]          ; command_counter[0]          ; clk_16ms     ; clk_16ms    ; 0.000        ; 0.072      ; 0.669      ;
; 0.402 ; command_counter[2]          ; command_counter[2]          ; clk_16ms     ; clk_16ms    ; 0.000        ; 0.072      ; 0.669      ;
; 0.402 ; fsm_state.CONFIG_CMD1       ; fsm_state.CONFIG_CMD1       ; clk_16ms     ; clk_16ms    ; 0.000        ; 0.072      ; 0.669      ;
; 0.478 ; fsm_state.WR_STATIC_TEXT_2L ; fsm_state.IDLE              ; clk_16ms     ; clk_16ms    ; 0.000        ; 0.072      ; 0.745      ;
; 0.721 ; fsm_state.WR_STATIC_TEXT_1L ; data[7]~reg0                ; clk_16ms     ; clk_16ms    ; 0.000        ; 0.072      ; 0.988      ;
; 0.744 ; data_counter[4]             ; data_counter[4]             ; clk_16ms     ; clk_16ms    ; 0.000        ; 0.072      ; 1.011      ;
; 0.763 ; fsm_state.WR_STATIC_TEXT_1L ; data[6]~reg0                ; clk_16ms     ; clk_16ms    ; 0.000        ; 0.537      ; 1.495      ;
; 0.763 ; data_counter[3]             ; data_counter[3]             ; clk_16ms     ; clk_16ms    ; 0.000        ; 0.072      ; 1.030      ;
; 0.768 ; data_counter[1]             ; data_counter[1]             ; clk_16ms     ; clk_16ms    ; 0.000        ; 0.072      ; 1.035      ;
; 0.793 ; data_counter[0]             ; data_counter[0]             ; clk_16ms     ; clk_16ms    ; 0.000        ; 0.072      ; 1.060      ;
; 0.815 ; fsm_state.CONFIG_CMD1       ; data[0]~reg0                ; clk_16ms     ; clk_16ms    ; 0.000        ; 0.537      ; 1.547      ;
; 0.817 ; fsm_state.CONFIG_CMD1       ; data[1]~reg0                ; clk_16ms     ; clk_16ms    ; 0.000        ; 0.537      ; 1.549      ;
; 0.845 ; fsm_state.CONFIG_CMD1       ; data[2]~reg0                ; clk_16ms     ; clk_16ms    ; 0.000        ; 0.537      ; 1.577      ;
; 0.911 ; fsm_state.CONFIG_CMD2       ; rs~reg0                     ; clk_16ms     ; clk_16ms    ; 0.000        ; 0.493      ; 1.599      ;
; 0.946 ; fsm_state.CONFIG_CMD1       ; data[3]~reg0                ; clk_16ms     ; clk_16ms    ; 0.000        ; 0.537      ; 1.678      ;
; 0.962 ; fsm_state.WR_STATIC_TEXT_2L ; rs~reg0                     ; clk_16ms     ; clk_16ms    ; 0.000        ; 0.493      ; 1.650      ;
; 0.978 ; data_counter[2]             ; data_counter[2]             ; clk_16ms     ; clk_16ms    ; 0.000        ; 0.072      ; 1.245      ;
; 1.008 ; command_counter[0]          ; data[0]~reg0                ; clk_16ms     ; clk_16ms    ; 0.000        ; 0.537      ; 1.740      ;
; 1.008 ; command_counter[0]          ; data[1]~reg0                ; clk_16ms     ; clk_16ms    ; 0.000        ; 0.537      ; 1.740      ;
; 1.023 ; fsm_state.IDLE              ; fsm_state.IDLE              ; clk_16ms     ; clk_16ms    ; 0.000        ; 0.072      ; 1.290      ;
; 1.041 ; command_counter[0]          ; data[2]~reg0                ; clk_16ms     ; clk_16ms    ; 0.000        ; 0.537      ; 1.773      ;
; 1.073 ; data_counter[0]             ; data[1]~reg0                ; clk_16ms     ; clk_16ms    ; 0.000        ; 0.536      ; 1.804      ;
; 1.079 ; command_counter[1]          ; data[0]~reg0                ; clk_16ms     ; clk_16ms    ; 0.000        ; 0.537      ; 1.811      ;
; 1.085 ; data_counter[3]             ; data_counter[4]             ; clk_16ms     ; clk_16ms    ; 0.000        ; 0.072      ; 1.352      ;
; 1.088 ; data_counter[0]             ; data_counter[1]             ; clk_16ms     ; clk_16ms    ; 0.000        ; 0.072      ; 1.355      ;
; 1.092 ; data_counter[1]             ; data_counter[2]             ; clk_16ms     ; clk_16ms    ; 0.000        ; 0.072      ; 1.359      ;
; 1.094 ; command_counter[1]          ; fsm_state.CONFIG_CMD1       ; clk_16ms     ; clk_16ms    ; 0.000        ; 0.072      ; 1.361      ;
; 1.099 ; fsm_state.WR_STATIC_TEXT_1L ; fsm_state.CONFIG_CMD2       ; clk_16ms     ; clk_16ms    ; 0.000        ; 0.072      ; 1.366      ;
; 1.103 ; data_counter[0]             ; data_counter[2]             ; clk_16ms     ; clk_16ms    ; 0.000        ; 0.072      ; 1.370      ;
; 1.108 ; data_counter[2]             ; data[0]~reg0                ; clk_16ms     ; clk_16ms    ; 0.000        ; 0.536      ; 1.839      ;
; 1.116 ; data_counter[2]             ; data[2]~reg0                ; clk_16ms     ; clk_16ms    ; 0.000        ; 0.536      ; 1.847      ;
; 1.116 ; command_counter[1]          ; data[2]~reg0                ; clk_16ms     ; clk_16ms    ; 0.000        ; 0.537      ; 1.848      ;
; 1.129 ; command_counter[0]          ; data[3]~reg0                ; clk_16ms     ; clk_16ms    ; 0.000        ; 0.537      ; 1.861      ;
; 1.140 ; command_counter[1]          ; data[1]~reg0                ; clk_16ms     ; clk_16ms    ; 0.000        ; 0.537      ; 1.872      ;
; 1.176 ; data_counter[4]             ; data[7]~reg0                ; clk_16ms     ; clk_16ms    ; 0.000        ; 0.071      ; 1.442      ;
; 1.199 ; data_counter[1]             ; data_counter[3]             ; clk_16ms     ; clk_16ms    ; 0.000        ; 0.072      ; 1.466      ;
; 1.210 ; data_counter[0]             ; data_counter[3]             ; clk_16ms     ; clk_16ms    ; 0.000        ; 0.072      ; 1.477      ;
; 1.213 ; command_counter[1]          ; data[3]~reg0                ; clk_16ms     ; clk_16ms    ; 0.000        ; 0.537      ; 1.945      ;
; 1.214 ; data_counter[1]             ; data_counter[4]             ; clk_16ms     ; clk_16ms    ; 0.000        ; 0.072      ; 1.481      ;
; 1.225 ; data_counter[0]             ; data_counter[4]             ; clk_16ms     ; clk_16ms    ; 0.000        ; 0.072      ; 1.492      ;
; 1.240 ; fsm_state.CONFIG_CMD2       ; fsm_state.WR_STATIC_TEXT_2L ; clk_16ms     ; clk_16ms    ; 0.000        ; 0.072      ; 1.507      ;
; 1.252 ; command_counter[0]          ; fsm_state.CONFIG_CMD1       ; clk_16ms     ; clk_16ms    ; 0.000        ; 0.072      ; 1.519      ;
; 1.277 ; fsm_state.WR_STATIC_TEXT_1L ; rs~reg0                     ; clk_16ms     ; clk_16ms    ; 0.000        ; 0.493      ; 1.965      ;
; 1.282 ; data_counter[2]             ; data_counter[3]             ; clk_16ms     ; clk_16ms    ; 0.000        ; 0.072      ; 1.549      ;
; 1.291 ; fsm_state.WR_STATIC_TEXT_2L ; fsm_state.WR_STATIC_TEXT_2L ; clk_16ms     ; clk_16ms    ; 0.000        ; 0.072      ; 1.558      ;
; 1.299 ; fsm_state.WR_STATIC_TEXT_1L ; command_counter[1]          ; clk_16ms     ; clk_16ms    ; 0.000        ; 0.072      ; 1.566      ;
; 1.300 ; fsm_state.WR_STATIC_TEXT_1L ; command_counter[0]          ; clk_16ms     ; clk_16ms    ; 0.000        ; 0.072      ; 1.567      ;
; 1.300 ; fsm_state.WR_STATIC_TEXT_1L ; command_counter[2]          ; clk_16ms     ; clk_16ms    ; 0.000        ; 0.072      ; 1.567      ;
; 1.302 ; fsm_state.IDLE              ; fsm_state.CONFIG_CMD1       ; clk_16ms     ; clk_16ms    ; 0.000        ; 0.072      ; 1.569      ;
; 1.304 ; data_counter[4]             ; fsm_state.IDLE              ; clk_16ms     ; clk_16ms    ; 0.000        ; 0.071      ; 1.570      ;
; 1.323 ; data_counter[2]             ; data_counter[4]             ; clk_16ms     ; clk_16ms    ; 0.000        ; 0.072      ; 1.590      ;
; 1.349 ; command_counter[2]          ; fsm_state.CONFIG_CMD1       ; clk_16ms     ; clk_16ms    ; 0.000        ; 0.072      ; 1.616      ;
; 1.362 ; data_counter[0]             ; data[7]~reg0                ; clk_16ms     ; clk_16ms    ; 0.000        ; 0.071      ; 1.628      ;
; 1.378 ; fsm_state.CONFIG_CMD2       ; data[3]~reg0                ; clk_16ms     ; clk_16ms    ; 0.000        ; 0.537      ; 2.110      ;
; 1.382 ; data_counter[4]             ; rs~reg0                     ; clk_16ms     ; clk_16ms    ; 0.000        ; 0.492      ; 2.069      ;
; 1.390 ; data_counter[4]             ; data[3]~reg0                ; clk_16ms     ; clk_16ms    ; 0.000        ; 0.536      ; 2.121      ;
; 1.407 ; fsm_state.CONFIG_CMD1       ; command_counter[0]          ; clk_16ms     ; clk_16ms    ; 0.000        ; 0.072      ; 1.674      ;
; 1.407 ; static_data_mem[20][1]      ; data[2]~reg0                ; clk_16ms     ; clk_16ms    ; 0.000        ; 0.536      ; 2.138      ;
; 1.411 ; fsm_state.WR_STATIC_TEXT_2L ; data[3]~reg0                ; clk_16ms     ; clk_16ms    ; 0.000        ; 0.537      ; 2.143      ;
; 1.421 ; fsm_state.CONFIG_CMD2       ; data[6]~reg0                ; clk_16ms     ; clk_16ms    ; 0.000        ; 0.537      ; 2.153      ;
; 1.425 ; fsm_state.CONFIG_CMD1       ; command_counter[1]          ; clk_16ms     ; clk_16ms    ; 0.000        ; 0.072      ; 1.692      ;
; 1.427 ; fsm_state.WR_STATIC_TEXT_1L ; data[4]~reg0                ; clk_16ms     ; clk_16ms    ; 0.000        ; 0.072      ; 1.694      ;
; 1.429 ; fsm_state.CONFIG_CMD1       ; command_counter[2]          ; clk_16ms     ; clk_16ms    ; 0.000        ; 0.072      ; 1.696      ;
; 1.433 ; data_counter[4]             ; data[6]~reg0                ; clk_16ms     ; clk_16ms    ; 0.000        ; 0.536      ; 2.164      ;
; 1.454 ; fsm_state.WR_STATIC_TEXT_2L ; data[6]~reg0                ; clk_16ms     ; clk_16ms    ; 0.000        ; 0.537      ; 2.186      ;
; 1.461 ; data_counter[2]             ; data[7]~reg0                ; clk_16ms     ; clk_16ms    ; 0.000        ; 0.071      ; 1.727      ;
; 1.474 ; command_counter[1]          ; command_counter[2]          ; clk_16ms     ; clk_16ms    ; 0.000        ; 0.072      ; 1.741      ;
; 1.496 ; static_data_mem[20][0]      ; data[6]~reg0                ; clk_16ms     ; clk_16ms    ; 0.000        ; 0.536      ; 2.227      ;
; 1.516 ; data_counter[4]             ; fsm_state.CONFIG_CMD2       ; clk_16ms     ; clk_16ms    ; 0.000        ; 0.071      ; 1.782      ;
; 1.517 ; fsm_state.WR_STATIC_TEXT_1L ; data[3]~reg0                ; clk_16ms     ; clk_16ms    ; 0.000        ; 0.537      ; 2.249      ;
; 1.521 ; data_counter[1]             ; data[6]~reg0                ; clk_16ms     ; clk_16ms    ; 0.000        ; 0.536      ; 2.252      ;
; 1.531 ; command_counter[1]          ; rs~reg0                     ; clk_16ms     ; clk_16ms    ; 0.000        ; 0.493      ; 2.219      ;
; 1.532 ; data_counter[0]             ; data[6]~reg0                ; clk_16ms     ; clk_16ms    ; 0.000        ; 0.536      ; 2.263      ;
; 1.540 ; data_counter[2]             ; data[3]~reg0                ; clk_16ms     ; clk_16ms    ; 0.000        ; 0.536      ; 2.271      ;
; 1.547 ; fsm_state.CONFIG_CMD1       ; data_counter[4]             ; clk_16ms     ; clk_16ms    ; 0.000        ; 0.073      ; 1.815      ;
; 1.547 ; fsm_state.CONFIG_CMD1       ; data_counter[3]             ; clk_16ms     ; clk_16ms    ; 0.000        ; 0.073      ; 1.815      ;
; 1.547 ; fsm_state.CONFIG_CMD1       ; data_counter[2]             ; clk_16ms     ; clk_16ms    ; 0.000        ; 0.073      ; 1.815      ;
; 1.547 ; fsm_state.CONFIG_CMD1       ; data_counter[1]             ; clk_16ms     ; clk_16ms    ; 0.000        ; 0.073      ; 1.815      ;
; 1.547 ; fsm_state.CONFIG_CMD1       ; data_counter[0]             ; clk_16ms     ; clk_16ms    ; 0.000        ; 0.073      ; 1.815      ;
; 1.559 ; data_counter[0]             ; data[2]~reg0                ; clk_16ms     ; clk_16ms    ; 0.000        ; 0.536      ; 2.290      ;
; 1.562 ; static_data_mem[10][2]      ; data[0]~reg0                ; clk_16ms     ; clk_16ms    ; 0.000        ; 0.536      ; 2.293      ;
; 1.590 ; fsm_state.CONFIG_CMD2       ; data[1]~reg0                ; clk_16ms     ; clk_16ms    ; 0.000        ; 0.537      ; 2.322      ;
; 1.590 ; fsm_state.CONFIG_CMD2       ; data[2]~reg0                ; clk_16ms     ; clk_16ms    ; 0.000        ; 0.537      ; 2.322      ;
; 1.591 ; fsm_state.CONFIG_CMD2       ; data[0]~reg0                ; clk_16ms     ; clk_16ms    ; 0.000        ; 0.537      ; 2.323      ;
; 1.591 ; fsm_state.CONFIG_CMD2       ; command_counter[1]          ; clk_16ms     ; clk_16ms    ; 0.000        ; 0.072      ; 1.858      ;
; 1.592 ; fsm_state.CONFIG_CMD2       ; command_counter[0]          ; clk_16ms     ; clk_16ms    ; 0.000        ; 0.072      ; 1.859      ;
; 1.592 ; fsm_state.CONFIG_CMD2       ; command_counter[2]          ; clk_16ms     ; clk_16ms    ; 0.000        ; 0.072      ; 1.859      ;
; 1.602 ; data_counter[4]             ; data[2]~reg0                ; clk_16ms     ; clk_16ms    ; 0.000        ; 0.536      ; 2.333      ;
; 1.614 ; data_counter[0]             ; rs~reg0                     ; clk_16ms     ; clk_16ms    ; 0.000        ; 0.492      ; 2.301      ;
; 1.618 ; fsm_state.CONFIG_CMD2       ; data[5]~reg0                ; clk_16ms     ; clk_16ms    ; 0.000        ; 0.072      ; 1.885      ;
; 1.619 ; command_counter[0]          ; command_counter[2]          ; clk_16ms     ; clk_16ms    ; 0.000        ; 0.072      ; 1.886      ;
; 1.621 ; command_counter[0]          ; command_counter[1]          ; clk_16ms     ; clk_16ms    ; 0.000        ; 0.072      ; 1.888      ;
; 1.623 ; fsm_state.WR_STATIC_TEXT_2L ; data[1]~reg0                ; clk_16ms     ; clk_16ms    ; 0.000        ; 0.537      ; 2.355      ;
; 1.623 ; fsm_state.WR_STATIC_TEXT_2L ; data[2]~reg0                ; clk_16ms     ; clk_16ms    ; 0.000        ; 0.537      ; 2.355      ;
; 1.624 ; fsm_state.WR_STATIC_TEXT_2L ; data[0]~reg0                ; clk_16ms     ; clk_16ms    ; 0.000        ; 0.537      ; 2.356      ;
; 1.624 ; fsm_state.WR_STATIC_TEXT_2L ; command_counter[1]          ; clk_16ms     ; clk_16ms    ; 0.000        ; 0.072      ; 1.891      ;
; 1.625 ; fsm_state.WR_STATIC_TEXT_2L ; command_counter[0]          ; clk_16ms     ; clk_16ms    ; 0.000        ; 0.072      ; 1.892      ;
; 1.625 ; fsm_state.WR_STATIC_TEXT_2L ; command_counter[2]          ; clk_16ms     ; clk_16ms    ; 0.000        ; 0.072      ; 1.892      ;
; 1.629 ; data_counter[3]             ; data[3]~reg0                ; clk_16ms     ; clk_16ms    ; 0.000        ; 0.536      ; 2.360      ;
+-------+-----------------------------+-----------------------------+--------------+-------------+--------------+------------+------------+


+-----------------------------------------------------------------------------------------------------------------+
; Slow 1200mV 0C Model Hold: 'clk'                                                                                ;
+-------+-----------------+-----------------+--------------+-------------+--------------+------------+------------+
; Slack ; From Node       ; To Node         ; Launch Clock ; Latch Clock ; Relationship ; Clock Skew ; Data Delay ;
+-------+-----------------+-----------------+--------------+-------------+--------------+------------+------------+
; 0.689 ; clk_counter[7]  ; clk_counter[7]  ; clk          ; clk         ; 0.000        ; 0.073      ; 0.957      ;
; 0.690 ; clk_counter[9]  ; clk_counter[9]  ; clk          ; clk         ; 0.000        ; 0.073      ; 0.958      ;
; 0.691 ; clk_counter[5]  ; clk_counter[5]  ; clk          ; clk         ; 0.000        ; 0.073      ; 0.959      ;
; 0.693 ; clk_counter[3]  ; clk_counter[3]  ; clk          ; clk         ; 0.000        ; 0.073      ; 0.961      ;
; 0.694 ; clk_counter[6]  ; clk_counter[6]  ; clk          ; clk         ; 0.000        ; 0.073      ; 0.962      ;
; 0.694 ; clk_counter[1]  ; clk_counter[1]  ; clk          ; clk         ; 0.000        ; 0.073      ; 0.962      ;
; 0.696 ; clk_counter[17] ; clk_counter[17] ; clk          ; clk         ; 0.000        ; 0.072      ; 0.963      ;
; 0.696 ; clk_counter[16] ; clk_counter[16] ; clk          ; clk         ; 0.000        ; 0.072      ; 0.963      ;
; 0.697 ; clk_counter[4]  ; clk_counter[4]  ; clk          ; clk         ; 0.000        ; 0.073      ; 0.965      ;
; 0.697 ; clk_counter[2]  ; clk_counter[2]  ; clk          ; clk         ; 0.000        ; 0.073      ; 0.965      ;
; 0.706 ; clk_counter[15] ; clk_counter[15] ; clk          ; clk         ; 0.000        ; 0.072      ; 0.973      ;
; 0.707 ; clk_counter[11] ; clk_counter[11] ; clk          ; clk         ; 0.000        ; 0.072      ; 0.974      ;
; 0.712 ; clk_counter[14] ; clk_counter[14] ; clk          ; clk         ; 0.000        ; 0.072      ; 0.979      ;
; 0.715 ; clk_counter[0]  ; clk_counter[0]  ; clk          ; clk         ; 0.000        ; 0.073      ; 0.983      ;
; 1.013 ; clk_counter[5]  ; clk_counter[6]  ; clk          ; clk         ; 0.000        ; 0.073      ; 1.281      ;
; 1.013 ; clk_counter[6]  ; clk_counter[7]  ; clk          ; clk         ; 0.000        ; 0.073      ; 1.281      ;
; 1.013 ; clk_counter[0]  ; clk_counter[1]  ; clk          ; clk         ; 0.000        ; 0.073      ; 1.281      ;
; 1.015 ; clk_counter[16] ; clk_counter[17] ; clk          ; clk         ; 0.000        ; 0.072      ; 1.282      ;
; 1.016 ; clk_counter[4]  ; clk_counter[5]  ; clk          ; clk         ; 0.000        ; 0.073      ; 1.284      ;
; 1.016 ; clk_counter[2]  ; clk_counter[3]  ; clk          ; clk         ; 0.000        ; 0.073      ; 1.284      ;
; 1.017 ; clk_counter[3]  ; clk_counter[4]  ; clk          ; clk         ; 0.000        ; 0.073      ; 1.285      ;
; 1.018 ; clk_counter[1]  ; clk_counter[2]  ; clk          ; clk         ; 0.000        ; 0.073      ; 1.286      ;
; 1.019 ; clk_counter[8]  ; clk_counter[9]  ; clk          ; clk         ; 0.000        ; 0.073      ; 1.287      ;
; 1.028 ; clk_counter[15] ; clk_counter[16] ; clk          ; clk         ; 0.000        ; 0.072      ; 1.295      ;
; 1.028 ; clk_counter[0]  ; clk_counter[2]  ; clk          ; clk         ; 0.000        ; 0.073      ; 1.296      ;
; 1.029 ; clk_counter[14] ; clk_counter[15] ; clk          ; clk         ; 0.000        ; 0.072      ; 1.296      ;
; 1.029 ; clk_counter[10] ; clk_counter[11] ; clk          ; clk         ; 0.000        ; 0.072      ; 1.296      ;
; 1.031 ; clk_counter[4]  ; clk_counter[6]  ; clk          ; clk         ; 0.000        ; 0.073      ; 1.299      ;
; 1.031 ; clk_counter[2]  ; clk_counter[4]  ; clk          ; clk         ; 0.000        ; 0.073      ; 1.299      ;
; 1.046 ; clk_counter[14] ; clk_counter[16] ; clk          ; clk         ; 0.000        ; 0.072      ; 1.313      ;
; 1.048 ; clk_counter[12] ; clk_counter[14] ; clk          ; clk         ; 0.000        ; 0.072      ; 1.315      ;
; 1.058 ; clk_counter[19] ; clk_counter[19] ; clk          ; clk         ; 0.000        ; 0.072      ; 1.325      ;
; 1.063 ; clk_counter[18] ; clk_counter[18] ; clk          ; clk         ; 0.000        ; 0.072      ; 1.330      ;
; 1.067 ; clk_counter[8]  ; clk_counter[8]  ; clk          ; clk         ; 0.000        ; 0.073      ; 1.335      ;
; 1.080 ; clk_counter[10] ; clk_counter[10] ; clk          ; clk         ; 0.000        ; 0.072      ; 1.347      ;
; 1.106 ; clk_counter[7]  ; clk_counter[9]  ; clk          ; clk         ; 0.000        ; 0.073      ; 1.374      ;
; 1.108 ; clk_counter[9]  ; clk_counter[11] ; clk          ; clk         ; 0.000        ; 0.073      ; 1.376      ;
; 1.110 ; clk_counter[5]  ; clk_counter[7]  ; clk          ; clk         ; 0.000        ; 0.073      ; 1.378      ;
; 1.114 ; clk_counter[3]  ; clk_counter[5]  ; clk          ; clk         ; 0.000        ; 0.073      ; 1.382      ;
; 1.115 ; clk_counter[1]  ; clk_counter[3]  ; clk          ; clk         ; 0.000        ; 0.073      ; 1.383      ;
; 1.122 ; clk_counter[15] ; clk_counter[17] ; clk          ; clk         ; 0.000        ; 0.072      ; 1.389      ;
; 1.135 ; clk_counter[6]  ; clk_counter[9]  ; clk          ; clk         ; 0.000        ; 0.073      ; 1.403      ;
; 1.135 ; clk_counter[0]  ; clk_counter[3]  ; clk          ; clk         ; 0.000        ; 0.073      ; 1.403      ;
; 1.138 ; clk_counter[4]  ; clk_counter[7]  ; clk          ; clk         ; 0.000        ; 0.073      ; 1.406      ;
; 1.138 ; clk_counter[2]  ; clk_counter[5]  ; clk          ; clk         ; 0.000        ; 0.073      ; 1.406      ;
; 1.139 ; clk_counter[3]  ; clk_counter[6]  ; clk          ; clk         ; 0.000        ; 0.073      ; 1.407      ;
; 1.140 ; clk_counter[1]  ; clk_counter[4]  ; clk          ; clk         ; 0.000        ; 0.073      ; 1.408      ;
; 1.141 ; clk_counter[8]  ; clk_counter[11] ; clk          ; clk         ; 0.000        ; 0.073      ; 1.409      ;
; 1.150 ; clk_counter[0]  ; clk_counter[4]  ; clk          ; clk         ; 0.000        ; 0.073      ; 1.418      ;
; 1.151 ; clk_counter[14] ; clk_counter[17] ; clk          ; clk         ; 0.000        ; 0.072      ; 1.418      ;
; 1.153 ; clk_counter[11] ; clk_counter[14] ; clk          ; clk         ; 0.000        ; 0.072      ; 1.420      ;
; 1.153 ; clk_counter[2]  ; clk_counter[6]  ; clk          ; clk         ; 0.000        ; 0.073      ; 1.421      ;
; 1.154 ; clk_counter[12] ; clk_counter[15] ; clk          ; clk         ; 0.000        ; 0.072      ; 1.421      ;
; 1.156 ; clk_counter[18] ; clk_counter[13] ; clk          ; clk         ; 0.000        ; 0.072      ; 1.423      ;
; 1.157 ; clk_counter[18] ; clk_counter[12] ; clk          ; clk         ; 0.000        ; 0.072      ; 1.424      ;
; 1.157 ; clk_counter[18] ; clk_counter[19] ; clk          ; clk         ; 0.000        ; 0.072      ; 1.424      ;
; 1.157 ; clk_counter[18] ; clk_counter[10] ; clk          ; clk         ; 0.000        ; 0.072      ; 1.424      ;
; 1.166 ; clk_counter[10] ; clk_counter[14] ; clk          ; clk         ; 0.000        ; 0.072      ; 1.433      ;
; 1.170 ; clk_counter[12] ; clk_counter[16] ; clk          ; clk         ; 0.000        ; 0.072      ; 1.437      ;
; 1.201 ; clk_16ms        ; clk_16ms        ; clk_16ms     ; clk         ; 0.000        ; 2.387      ; 4.053      ;
; 1.206 ; clk_counter[13] ; clk_counter[13] ; clk          ; clk         ; 0.000        ; 0.072      ; 1.473      ;
; 1.218 ; clk_counter[13] ; clk_counter[14] ; clk          ; clk         ; 0.000        ; 0.072      ; 1.485      ;
; 1.223 ; clk_counter[12] ; clk_counter[12] ; clk          ; clk         ; 0.000        ; 0.072      ; 1.490      ;
; 1.228 ; clk_counter[7]  ; clk_counter[11] ; clk          ; clk         ; 0.000        ; 0.073      ; 1.496      ;
; 1.232 ; clk_counter[5]  ; clk_counter[9]  ; clk          ; clk         ; 0.000        ; 0.073      ; 1.500      ;
; 1.236 ; clk_counter[3]  ; clk_counter[7]  ; clk          ; clk         ; 0.000        ; 0.073      ; 1.504      ;
; 1.237 ; clk_counter[1]  ; clk_counter[5]  ; clk          ; clk         ; 0.000        ; 0.073      ; 1.505      ;
; 1.248 ; clk_counter[11] ; clk_counter[15] ; clk          ; clk         ; 0.000        ; 0.072      ; 1.515      ;
; 1.249 ; clk_counter[13] ; clk_counter[15] ; clk          ; clk         ; 0.000        ; 0.072      ; 1.516      ;
; 1.256 ; clk_counter[9]  ; clk_counter[14] ; clk          ; clk         ; 0.000        ; 0.073      ; 1.524      ;
; 1.257 ; clk_counter[6]  ; clk_counter[11] ; clk          ; clk         ; 0.000        ; 0.073      ; 1.525      ;
; 1.257 ; clk_counter[0]  ; clk_counter[5]  ; clk          ; clk         ; 0.000        ; 0.073      ; 1.525      ;
; 1.260 ; clk_counter[4]  ; clk_counter[9]  ; clk          ; clk         ; 0.000        ; 0.073      ; 1.528      ;
; 1.260 ; clk_counter[2]  ; clk_counter[7]  ; clk          ; clk         ; 0.000        ; 0.073      ; 1.528      ;
; 1.262 ; clk_counter[1]  ; clk_counter[6]  ; clk          ; clk         ; 0.000        ; 0.073      ; 1.530      ;
; 1.272 ; clk_counter[0]  ; clk_counter[6]  ; clk          ; clk         ; 0.000        ; 0.073      ; 1.540      ;
; 1.273 ; clk_counter[10] ; clk_counter[15] ; clk          ; clk         ; 0.000        ; 0.072      ; 1.540      ;
; 1.275 ; clk_counter[11] ; clk_counter[16] ; clk          ; clk         ; 0.000        ; 0.072      ; 1.542      ;
; 1.276 ; clk_counter[12] ; clk_counter[17] ; clk          ; clk         ; 0.000        ; 0.072      ; 1.543      ;
; 1.278 ; clk_counter[8]  ; clk_counter[14] ; clk          ; clk         ; 0.000        ; 0.073      ; 1.546      ;
; 1.285 ; clk_counter[19] ; clk_counter[13] ; clk          ; clk         ; 0.000        ; 0.072      ; 1.552      ;
; 1.285 ; clk_counter[19] ; clk_counter[12] ; clk          ; clk         ; 0.000        ; 0.072      ; 1.552      ;
; 1.285 ; clk_counter[19] ; clk_counter[18] ; clk          ; clk         ; 0.000        ; 0.072      ; 1.552      ;
; 1.285 ; clk_counter[19] ; clk_counter[10] ; clk          ; clk         ; 0.000        ; 0.072      ; 1.552      ;
; 1.288 ; clk_counter[10] ; clk_counter[16] ; clk          ; clk         ; 0.000        ; 0.072      ; 1.555      ;
; 1.340 ; clk_counter[13] ; clk_counter[16] ; clk          ; clk         ; 0.000        ; 0.072      ; 1.607      ;
; 1.352 ; clk_counter[9]  ; clk_counter[15] ; clk          ; clk         ; 0.000        ; 0.073      ; 1.620      ;
; 1.354 ; clk_counter[5]  ; clk_counter[11] ; clk          ; clk         ; 0.000        ; 0.073      ; 1.622      ;
; 1.358 ; clk_counter[3]  ; clk_counter[9]  ; clk          ; clk         ; 0.000        ; 0.073      ; 1.626      ;
; 1.359 ; clk_counter[1]  ; clk_counter[7]  ; clk          ; clk         ; 0.000        ; 0.073      ; 1.627      ;
; 1.370 ; clk_counter[7]  ; clk_counter[8]  ; clk          ; clk         ; 0.000        ; 0.073      ; 1.638      ;
; 1.370 ; clk_counter[11] ; clk_counter[17] ; clk          ; clk         ; 0.000        ; 0.072      ; 1.637      ;
; 1.371 ; clk_counter[9]  ; clk_counter[10] ; clk          ; clk         ; 0.000        ; 0.073      ; 1.639      ;
; 1.371 ; clk_counter[13] ; clk_counter[17] ; clk          ; clk         ; 0.000        ; 0.072      ; 1.638      ;
; 1.377 ; clk_counter[17] ; clk_counter[18] ; clk          ; clk         ; 0.000        ; 0.072      ; 1.644      ;
; 1.377 ; clk_counter[12] ; clk_counter[13] ; clk          ; clk         ; 0.000        ; 0.072      ; 1.644      ;
; 1.377 ; clk_counter[7]  ; clk_counter[14] ; clk          ; clk         ; 0.000        ; 0.073      ; 1.645      ;
; 1.378 ; clk_counter[9]  ; clk_counter[16] ; clk          ; clk         ; 0.000        ; 0.073      ; 1.646      ;
; 1.379 ; clk_counter[0]  ; clk_counter[7]  ; clk          ; clk         ; 0.000        ; 0.073      ; 1.647      ;
; 1.382 ; clk_counter[4]  ; clk_counter[11] ; clk          ; clk         ; 0.000        ; 0.073      ; 1.650      ;
+-------+-----------------+-----------------+--------------+-------------+--------------+------------+------------+


----------------------------------------------
; Slow 1200mV 0C Model Metastability Summary ;
----------------------------------------------
No synchronizer chains to report.


+------------------------------------+
; Fast 1200mV 0C Model Setup Summary ;
+----------+--------+----------------+
; Clock    ; Slack  ; End Point TNS  ;
+----------+--------+----------------+
; clk      ; -1.210 ; -6.245         ;
; clk_16ms ; -0.845 ; -13.023        ;
+----------+--------+----------------+


+-----------------------------------+
; Fast 1200mV 0C Model Hold Summary ;
+----------+-------+----------------+
; Clock    ; Slack ; End Point TNS  ;
+----------+-------+----------------+
; clk_16ms ; 0.187 ; 0.000          ;
; clk      ; 0.295 ; 0.000          ;
+----------+-------+----------------+


-----------------------------------------
; Fast 1200mV 0C Model Recovery Summary ;
-----------------------------------------
No paths to report.


----------------------------------------
; Fast 1200mV 0C Model Removal Summary ;
----------------------------------------
No paths to report.


+--------------------------------------------------+
; Fast 1200mV 0C Model Minimum Pulse Width Summary ;
+----------+--------+------------------------------+
; Clock    ; Slack  ; End Point TNS                ;
+----------+--------+------------------------------+
; clk      ; -3.000 ; -25.345                      ;
; clk_16ms ; -1.000 ; -31.000                      ;
+----------+--------+------------------------------+


+------------------------------------------------------------------------------------------------------------------+
; Fast 1200mV 0C Model Setup: 'clk'                                                                                ;
+--------+-----------------+-----------------+--------------+-------------+--------------+------------+------------+
; Slack  ; From Node       ; To Node         ; Launch Clock ; Latch Clock ; Relationship ; Clock Skew ; Data Delay ;
+--------+-----------------+-----------------+--------------+-------------+--------------+------------+------------+
; -1.210 ; clk_counter[12] ; clk_16ms        ; clk          ; clk         ; 1.000        ; -0.036     ; 2.161      ;
; -1.188 ; clk_counter[13] ; clk_16ms        ; clk          ; clk         ; 1.000        ; -0.036     ; 2.139      ;
; -1.051 ; clk_counter[14] ; clk_16ms        ; clk          ; clk         ; 1.000        ; -0.036     ; 2.002      ;
; -1.045 ; clk_counter[10] ; clk_16ms        ; clk          ; clk         ; 1.000        ; -0.036     ; 1.996      ;
; -0.985 ; clk_counter[5]  ; clk_16ms        ; clk          ; clk         ; 1.000        ; -0.036     ; 1.936      ;
; -0.982 ; clk_counter[0]  ; clk_16ms        ; clk          ; clk         ; 1.000        ; -0.036     ; 1.933      ;
; -0.982 ; clk_counter[15] ; clk_16ms        ; clk          ; clk         ; 1.000        ; -0.036     ; 1.933      ;
; -0.981 ; clk_counter[4]  ; clk_16ms        ; clk          ; clk         ; 1.000        ; -0.036     ; 1.932      ;
; -0.980 ; clk_counter[2]  ; clk_16ms        ; clk          ; clk         ; 1.000        ; -0.036     ; 1.931      ;
; -0.935 ; clk_counter[11] ; clk_16ms        ; clk          ; clk         ; 1.000        ; -0.036     ; 1.886      ;
; -0.921 ; clk_counter[7]  ; clk_16ms        ; clk          ; clk         ; 1.000        ; -0.036     ; 1.872      ;
; -0.917 ; clk_counter[1]  ; clk_16ms        ; clk          ; clk         ; 1.000        ; -0.036     ; 1.868      ;
; -0.911 ; clk_counter[16] ; clk_16ms        ; clk          ; clk         ; 1.000        ; -0.036     ; 1.862      ;
; -0.903 ; clk_counter[17] ; clk_16ms        ; clk          ; clk         ; 1.000        ; -0.036     ; 1.854      ;
; -0.896 ; clk_counter[19] ; clk_16ms        ; clk          ; clk         ; 1.000        ; -0.036     ; 1.847      ;
; -0.847 ; clk_counter[6]  ; clk_16ms        ; clk          ; clk         ; 1.000        ; -0.036     ; 1.798      ;
; -0.846 ; clk_counter[3]  ; clk_16ms        ; clk          ; clk         ; 1.000        ; -0.036     ; 1.797      ;
; -0.830 ; clk_counter[9]  ; clk_16ms        ; clk          ; clk         ; 1.000        ; -0.036     ; 1.781      ;
; -0.822 ; clk_counter[18] ; clk_16ms        ; clk          ; clk         ; 1.000        ; -0.036     ; 1.773      ;
; -0.819 ; clk_counter[8]  ; clk_16ms        ; clk          ; clk         ; 1.000        ; -0.036     ; 1.770      ;
; -0.616 ; clk_counter[12] ; clk_counter[18] ; clk          ; clk         ; 1.000        ; -0.037     ; 1.566      ;
; -0.616 ; clk_counter[12] ; clk_counter[19] ; clk          ; clk         ; 1.000        ; -0.037     ; 1.566      ;
; -0.616 ; clk_counter[12] ; clk_counter[13] ; clk          ; clk         ; 1.000        ; -0.037     ; 1.566      ;
; -0.616 ; clk_counter[12] ; clk_counter[10] ; clk          ; clk         ; 1.000        ; -0.037     ; 1.566      ;
; -0.599 ; clk_counter[1]  ; clk_counter[19] ; clk          ; clk         ; 1.000        ; -0.037     ; 1.549      ;
; -0.595 ; clk_counter[1]  ; clk_counter[18] ; clk          ; clk         ; 1.000        ; -0.037     ; 1.545      ;
; -0.594 ; clk_counter[13] ; clk_counter[18] ; clk          ; clk         ; 1.000        ; -0.037     ; 1.544      ;
; -0.594 ; clk_counter[13] ; clk_counter[19] ; clk          ; clk         ; 1.000        ; -0.037     ; 1.544      ;
; -0.594 ; clk_counter[13] ; clk_counter[13] ; clk          ; clk         ; 1.000        ; -0.037     ; 1.544      ;
; -0.594 ; clk_counter[13] ; clk_counter[10] ; clk          ; clk         ; 1.000        ; -0.037     ; 1.544      ;
; -0.584 ; clk_counter[0]  ; clk_counter[19] ; clk          ; clk         ; 1.000        ; -0.037     ; 1.534      ;
; -0.560 ; clk_counter[12] ; clk_counter[12] ; clk          ; clk         ; 1.000        ; -0.037     ; 1.510      ;
; -0.546 ; clk_counter[0]  ; clk_counter[18] ; clk          ; clk         ; 1.000        ; -0.037     ; 1.496      ;
; -0.538 ; clk_counter[13] ; clk_counter[12] ; clk          ; clk         ; 1.000        ; -0.037     ; 1.488      ;
; -0.530 ; clk_counter[3]  ; clk_counter[19] ; clk          ; clk         ; 1.000        ; -0.037     ; 1.480      ;
; -0.526 ; clk_counter[3]  ; clk_counter[18] ; clk          ; clk         ; 1.000        ; -0.037     ; 1.476      ;
; -0.515 ; clk_counter[2]  ; clk_counter[19] ; clk          ; clk         ; 1.000        ; -0.037     ; 1.465      ;
; -0.479 ; clk_counter[2]  ; clk_counter[18] ; clk          ; clk         ; 1.000        ; -0.037     ; 1.429      ;
; -0.467 ; clk_counter[1]  ; clk_counter[12] ; clk          ; clk         ; 1.000        ; -0.037     ; 1.417      ;
; -0.459 ; clk_counter[5]  ; clk_counter[19] ; clk          ; clk         ; 1.000        ; -0.037     ; 1.409      ;
; -0.455 ; clk_counter[5]  ; clk_counter[18] ; clk          ; clk         ; 1.000        ; -0.037     ; 1.405      ;
; -0.451 ; clk_counter[10] ; clk_counter[18] ; clk          ; clk         ; 1.000        ; -0.037     ; 1.401      ;
; -0.451 ; clk_counter[10] ; clk_counter[19] ; clk          ; clk         ; 1.000        ; -0.037     ; 1.401      ;
; -0.451 ; clk_counter[10] ; clk_counter[13] ; clk          ; clk         ; 1.000        ; -0.037     ; 1.401      ;
; -0.451 ; clk_counter[10] ; clk_counter[10] ; clk          ; clk         ; 1.000        ; -0.037     ; 1.401      ;
; -0.449 ; clk_counter[14] ; clk_counter[10] ; clk          ; clk         ; 1.000        ; -0.037     ; 1.399      ;
; -0.449 ; clk_counter[14] ; clk_counter[19] ; clk          ; clk         ; 1.000        ; -0.037     ; 1.399      ;
; -0.449 ; clk_counter[14] ; clk_counter[18] ; clk          ; clk         ; 1.000        ; -0.037     ; 1.399      ;
; -0.448 ; clk_counter[14] ; clk_counter[13] ; clk          ; clk         ; 1.000        ; -0.037     ; 1.398      ;
; -0.447 ; clk_counter[4]  ; clk_counter[19] ; clk          ; clk         ; 1.000        ; -0.037     ; 1.397      ;
; -0.435 ; clk_counter[12] ; clk_counter[8]  ; clk          ; clk         ; 1.000        ; -0.037     ; 1.385      ;
; -0.418 ; clk_counter[0]  ; clk_counter[12] ; clk          ; clk         ; 1.000        ; -0.037     ; 1.368      ;
; -0.413 ; clk_counter[13] ; clk_counter[8]  ; clk          ; clk         ; 1.000        ; -0.037     ; 1.363      ;
; -0.410 ; clk_counter[4]  ; clk_counter[18] ; clk          ; clk         ; 1.000        ; -0.037     ; 1.360      ;
; -0.398 ; clk_counter[1]  ; clk_counter[13] ; clk          ; clk         ; 1.000        ; -0.037     ; 1.348      ;
; -0.398 ; clk_counter[3]  ; clk_counter[12] ; clk          ; clk         ; 1.000        ; -0.037     ; 1.348      ;
; -0.395 ; clk_counter[10] ; clk_counter[12] ; clk          ; clk         ; 1.000        ; -0.037     ; 1.345      ;
; -0.391 ; clk_counter[5]  ; clk_counter[13] ; clk          ; clk         ; 1.000        ; -0.037     ; 1.341      ;
; -0.391 ; clk_counter[5]  ; clk_counter[10] ; clk          ; clk         ; 1.000        ; -0.037     ; 1.341      ;
; -0.391 ; clk_counter[7]  ; clk_counter[19] ; clk          ; clk         ; 1.000        ; -0.037     ; 1.341      ;
; -0.388 ; clk_counter[0]  ; clk_counter[13] ; clk          ; clk         ; 1.000        ; -0.037     ; 1.338      ;
; -0.388 ; clk_counter[0]  ; clk_counter[10] ; clk          ; clk         ; 1.000        ; -0.037     ; 1.338      ;
; -0.387 ; clk_counter[7]  ; clk_counter[18] ; clk          ; clk         ; 1.000        ; -0.037     ; 1.337      ;
; -0.387 ; clk_counter[4]  ; clk_counter[13] ; clk          ; clk         ; 1.000        ; -0.037     ; 1.337      ;
; -0.387 ; clk_counter[4]  ; clk_counter[10] ; clk          ; clk         ; 1.000        ; -0.037     ; 1.337      ;
; -0.386 ; clk_counter[2]  ; clk_counter[13] ; clk          ; clk         ; 1.000        ; -0.037     ; 1.336      ;
; -0.386 ; clk_counter[2]  ; clk_counter[10] ; clk          ; clk         ; 1.000        ; -0.037     ; 1.336      ;
; -0.382 ; clk_counter[14] ; clk_counter[12] ; clk          ; clk         ; 1.000        ; -0.037     ; 1.332      ;
; -0.380 ; clk_counter[15] ; clk_counter[10] ; clk          ; clk         ; 1.000        ; -0.037     ; 1.330      ;
; -0.380 ; clk_counter[15] ; clk_counter[19] ; clk          ; clk         ; 1.000        ; -0.037     ; 1.330      ;
; -0.380 ; clk_counter[15] ; clk_counter[18] ; clk          ; clk         ; 1.000        ; -0.037     ; 1.330      ;
; -0.379 ; clk_16ms        ; clk_16ms        ; clk_16ms     ; clk         ; 0.500        ; 1.132      ; 2.093      ;
; -0.379 ; clk_counter[15] ; clk_counter[13] ; clk          ; clk         ; 1.000        ; -0.037     ; 1.329      ;
; -0.378 ; clk_counter[6]  ; clk_counter[19] ; clk          ; clk         ; 1.000        ; -0.037     ; 1.328      ;
; -0.360 ; clk_counter[1]  ; clk_counter[17] ; clk          ; clk         ; 1.000        ; -0.037     ; 1.310      ;
; -0.356 ; clk_counter[1]  ; clk_counter[16] ; clk          ; clk         ; 1.000        ; -0.037     ; 1.306      ;
; -0.351 ; clk_counter[2]  ; clk_counter[12] ; clk          ; clk         ; 1.000        ; -0.037     ; 1.301      ;
; -0.345 ; clk_counter[0]  ; clk_counter[17] ; clk          ; clk         ; 1.000        ; -0.037     ; 1.295      ;
; -0.341 ; clk_counter[6]  ; clk_counter[18] ; clk          ; clk         ; 1.000        ; -0.037     ; 1.291      ;
; -0.335 ; clk_counter[5]  ; clk_counter[12] ; clk          ; clk         ; 1.000        ; -0.037     ; 1.285      ;
; -0.333 ; clk_counter[11] ; clk_counter[10] ; clk          ; clk         ; 1.000        ; -0.037     ; 1.283      ;
; -0.333 ; clk_counter[11] ; clk_counter[19] ; clk          ; clk         ; 1.000        ; -0.037     ; 1.283      ;
; -0.333 ; clk_counter[11] ; clk_counter[18] ; clk          ; clk         ; 1.000        ; -0.037     ; 1.283      ;
; -0.332 ; clk_counter[11] ; clk_counter[13] ; clk          ; clk         ; 1.000        ; -0.037     ; 1.282      ;
; -0.331 ; clk_counter[4]  ; clk_counter[12] ; clk          ; clk         ; 1.000        ; -0.037     ; 1.281      ;
; -0.329 ; clk_counter[3]  ; clk_counter[13] ; clk          ; clk         ; 1.000        ; -0.037     ; 1.279      ;
; -0.327 ; clk_counter[7]  ; clk_counter[13] ; clk          ; clk         ; 1.000        ; -0.037     ; 1.277      ;
; -0.327 ; clk_counter[7]  ; clk_counter[10] ; clk          ; clk         ; 1.000        ; -0.037     ; 1.277      ;
; -0.326 ; clk_counter[1]  ; clk_counter[10] ; clk          ; clk         ; 1.000        ; -0.037     ; 1.276      ;
; -0.323 ; clk_counter[9]  ; clk_counter[19] ; clk          ; clk         ; 1.000        ; -0.037     ; 1.273      ;
; -0.319 ; clk_counter[9]  ; clk_counter[18] ; clk          ; clk         ; 1.000        ; -0.037     ; 1.269      ;
; -0.314 ; clk_counter[8]  ; clk_counter[19] ; clk          ; clk         ; 1.000        ; -0.037     ; 1.264      ;
; -0.313 ; clk_counter[15] ; clk_counter[12] ; clk          ; clk         ; 1.000        ; -0.037     ; 1.263      ;
; -0.307 ; clk_counter[0]  ; clk_counter[16] ; clk          ; clk         ; 1.000        ; -0.037     ; 1.257      ;
; -0.292 ; clk_counter[1]  ; clk_counter[15] ; clk          ; clk         ; 1.000        ; -0.037     ; 1.242      ;
; -0.291 ; clk_counter[3]  ; clk_counter[17] ; clk          ; clk         ; 1.000        ; -0.037     ; 1.241      ;
; -0.288 ; clk_counter[1]  ; clk_counter[14] ; clk          ; clk         ; 1.000        ; -0.037     ; 1.238      ;
; -0.287 ; clk_counter[3]  ; clk_counter[16] ; clk          ; clk         ; 1.000        ; -0.037     ; 1.237      ;
; -0.279 ; clk_counter[8]  ; clk_counter[18] ; clk          ; clk         ; 1.000        ; -0.037     ; 1.229      ;
; -0.279 ; clk_counter[14] ; clk_counter[8]  ; clk          ; clk         ; 1.000        ; -0.037     ; 1.229      ;
+--------+-----------------+-----------------+--------------+-------------+--------------+------------+------------+


+------------------------------------------------------------------------------------------------------------------------------------------+
; Fast 1200mV 0C Model Setup: 'clk_16ms'                                                                                                   ;
+--------+-----------------------------+-----------------------------+--------------+-------------+--------------+------------+------------+
; Slack  ; From Node                   ; To Node                     ; Launch Clock ; Latch Clock ; Relationship ; Clock Skew ; Data Delay ;
+--------+-----------------------------+-----------------------------+--------------+-------------+--------------+------------+------------+
; -0.845 ; data_counter[3]             ; data[4]~reg0                ; clk_16ms     ; clk_16ms    ; 1.000        ; -0.037     ; 1.795      ;
; -0.843 ; data_counter[2]             ; data[5]~reg0                ; clk_16ms     ; clk_16ms    ; 1.000        ; -0.037     ; 1.793      ;
; -0.842 ; data_counter[0]             ; data[4]~reg0                ; clk_16ms     ; clk_16ms    ; 1.000        ; -0.037     ; 1.792      ;
; -0.827 ; data_counter[1]             ; data[4]~reg0                ; clk_16ms     ; clk_16ms    ; 1.000        ; -0.037     ; 1.777      ;
; -0.822 ; data_counter[3]             ; data[5]~reg0                ; clk_16ms     ; clk_16ms    ; 1.000        ; -0.037     ; 1.772      ;
; -0.821 ; data_counter[1]             ; data[5]~reg0                ; clk_16ms     ; clk_16ms    ; 1.000        ; -0.037     ; 1.771      ;
; -0.777 ; static_data_mem[20][0]      ; data[4]~reg0                ; clk_16ms     ; clk_16ms    ; 1.000        ; -0.037     ; 1.727      ;
; -0.756 ; command_counter[2]          ; data[4]~reg0                ; clk_16ms     ; clk_16ms    ; 1.000        ; -0.037     ; 1.706      ;
; -0.755 ; fsm_state.CONFIG_CMD1       ; data[4]~reg0                ; clk_16ms     ; clk_16ms    ; 1.000        ; -0.037     ; 1.705      ;
; -0.750 ; command_counter[2]          ; data[5]~reg0                ; clk_16ms     ; clk_16ms    ; 1.000        ; -0.037     ; 1.700      ;
; -0.749 ; fsm_state.CONFIG_CMD1       ; data[5]~reg0                ; clk_16ms     ; clk_16ms    ; 1.000        ; -0.037     ; 1.699      ;
; -0.716 ; static_data_mem[20][0]      ; data[5]~reg0                ; clk_16ms     ; clk_16ms    ; 1.000        ; -0.037     ; 1.666      ;
; -0.704 ; data_counter[0]             ; data[5]~reg0                ; clk_16ms     ; clk_16ms    ; 1.000        ; -0.037     ; 1.654      ;
; -0.702 ; data_counter[2]             ; data[4]~reg0                ; clk_16ms     ; clk_16ms    ; 1.000        ; -0.037     ; 1.652      ;
; -0.667 ; static_data_mem[10][2]      ; data[5]~reg0                ; clk_16ms     ; clk_16ms    ; 1.000        ; -0.037     ; 1.617      ;
; -0.636 ; static_data_mem[10][2]      ; data[2]~reg0                ; clk_16ms     ; clk_16ms    ; 1.000        ; 0.155      ; 1.778      ;
; -0.632 ; data_counter[3]             ; data[2]~reg0                ; clk_16ms     ; clk_16ms    ; 1.000        ; 0.155      ; 1.774      ;
; -0.627 ; data_counter[0]             ; data[3]~reg0                ; clk_16ms     ; clk_16ms    ; 1.000        ; 0.155      ; 1.769      ;
; -0.609 ; command_counter[0]          ; data[4]~reg0                ; clk_16ms     ; clk_16ms    ; 1.000        ; -0.037     ; 1.559      ;
; -0.603 ; command_counter[0]          ; data[5]~reg0                ; clk_16ms     ; clk_16ms    ; 1.000        ; -0.037     ; 1.553      ;
; -0.598 ; data_counter[3]             ; data[3]~reg0                ; clk_16ms     ; clk_16ms    ; 1.000        ; 0.155      ; 1.740      ;
; -0.592 ; data_counter[3]             ; data[0]~reg0                ; clk_16ms     ; clk_16ms    ; 1.000        ; 0.155      ; 1.734      ;
; -0.591 ; data_counter[1]             ; data[0]~reg0                ; clk_16ms     ; clk_16ms    ; 1.000        ; 0.155      ; 1.733      ;
; -0.590 ; data_counter[1]             ; data[2]~reg0                ; clk_16ms     ; clk_16ms    ; 1.000        ; 0.155      ; 1.732      ;
; -0.589 ; data_counter[0]             ; data[2]~reg0                ; clk_16ms     ; clk_16ms    ; 1.000        ; 0.155      ; 1.731      ;
; -0.588 ; data_counter[3]             ; data[1]~reg0                ; clk_16ms     ; clk_16ms    ; 1.000        ; 0.155      ; 1.730      ;
; -0.587 ; data_counter[1]             ; data[1]~reg0                ; clk_16ms     ; clk_16ms    ; 1.000        ; 0.155      ; 1.729      ;
; -0.583 ; data_counter[3]             ; command_counter[0]          ; clk_16ms     ; clk_16ms    ; 1.000        ; -0.036     ; 1.534      ;
; -0.582 ; data_counter[3]             ; command_counter[2]          ; clk_16ms     ; clk_16ms    ; 1.000        ; -0.036     ; 1.533      ;
; -0.582 ; data_counter[1]             ; command_counter[0]          ; clk_16ms     ; clk_16ms    ; 1.000        ; -0.036     ; 1.533      ;
; -0.581 ; data_counter[3]             ; command_counter[1]          ; clk_16ms     ; clk_16ms    ; 1.000        ; -0.036     ; 1.532      ;
; -0.581 ; data_counter[1]             ; command_counter[2]          ; clk_16ms     ; clk_16ms    ; 1.000        ; -0.036     ; 1.532      ;
; -0.580 ; data_counter[1]             ; command_counter[1]          ; clk_16ms     ; clk_16ms    ; 1.000        ; -0.036     ; 1.531      ;
; -0.578 ; static_data_mem[20][2]      ; data[5]~reg0                ; clk_16ms     ; clk_16ms    ; 1.000        ; -0.037     ; 1.528      ;
; -0.576 ; data_counter[2]             ; data[6]~reg0                ; clk_16ms     ; clk_16ms    ; 1.000        ; 0.155      ; 1.718      ;
; -0.569 ; data_counter[4]             ; data[4]~reg0                ; clk_16ms     ; clk_16ms    ; 1.000        ; -0.037     ; 1.519      ;
; -0.563 ; data_counter[4]             ; data[5]~reg0                ; clk_16ms     ; clk_16ms    ; 1.000        ; -0.037     ; 1.513      ;
; -0.559 ; data_counter[3]             ; data[6]~reg0                ; clk_16ms     ; clk_16ms    ; 1.000        ; 0.155      ; 1.701      ;
; -0.557 ; data_counter[1]             ; data[3]~reg0                ; clk_16ms     ; clk_16ms    ; 1.000        ; 0.155      ; 1.699      ;
; -0.549 ; command_counter[1]          ; data[4]~reg0                ; clk_16ms     ; clk_16ms    ; 1.000        ; -0.037     ; 1.499      ;
; -0.543 ; command_counter[1]          ; data[5]~reg0                ; clk_16ms     ; clk_16ms    ; 1.000        ; -0.037     ; 1.493      ;
; -0.523 ; static_data_mem[4][1]       ; data[4]~reg0                ; clk_16ms     ; clk_16ms    ; 1.000        ; -0.037     ; 1.473      ;
; -0.521 ; data_counter[3]             ; data_counter[4]             ; clk_16ms     ; clk_16ms    ; 1.000        ; -0.036     ; 1.472      ;
; -0.521 ; data_counter[3]             ; data_counter[3]             ; clk_16ms     ; clk_16ms    ; 1.000        ; -0.036     ; 1.472      ;
; -0.521 ; data_counter[3]             ; data_counter[2]             ; clk_16ms     ; clk_16ms    ; 1.000        ; -0.036     ; 1.472      ;
; -0.521 ; data_counter[3]             ; data_counter[1]             ; clk_16ms     ; clk_16ms    ; 1.000        ; -0.036     ; 1.472      ;
; -0.521 ; data_counter[3]             ; data_counter[0]             ; clk_16ms     ; clk_16ms    ; 1.000        ; -0.036     ; 1.472      ;
; -0.520 ; data_counter[1]             ; data_counter[4]             ; clk_16ms     ; clk_16ms    ; 1.000        ; -0.036     ; 1.471      ;
; -0.520 ; data_counter[1]             ; data_counter[3]             ; clk_16ms     ; clk_16ms    ; 1.000        ; -0.036     ; 1.471      ;
; -0.520 ; data_counter[1]             ; data_counter[2]             ; clk_16ms     ; clk_16ms    ; 1.000        ; -0.036     ; 1.471      ;
; -0.520 ; data_counter[1]             ; data_counter[1]             ; clk_16ms     ; clk_16ms    ; 1.000        ; -0.036     ; 1.471      ;
; -0.520 ; data_counter[1]             ; data_counter[0]             ; clk_16ms     ; clk_16ms    ; 1.000        ; -0.036     ; 1.471      ;
; -0.516 ; static_data_mem[20][1]      ; data[3]~reg0                ; clk_16ms     ; clk_16ms    ; 1.000        ; 0.155      ; 1.658      ;
; -0.515 ; fsm_state.CONFIG_CMD1       ; command_counter[1]          ; clk_16ms     ; clk_16ms    ; 1.000        ; -0.036     ; 1.466      ;
; -0.514 ; data_counter[0]             ; data[6]~reg0                ; clk_16ms     ; clk_16ms    ; 1.000        ; 0.155      ; 1.656      ;
; -0.511 ; command_counter[2]          ; command_counter[0]          ; clk_16ms     ; clk_16ms    ; 1.000        ; -0.036     ; 1.462      ;
; -0.510 ; command_counter[2]          ; command_counter[2]          ; clk_16ms     ; clk_16ms    ; 1.000        ; -0.036     ; 1.461      ;
; -0.510 ; fsm_state.CONFIG_CMD1       ; command_counter[0]          ; clk_16ms     ; clk_16ms    ; 1.000        ; -0.036     ; 1.461      ;
; -0.509 ; command_counter[2]          ; command_counter[1]          ; clk_16ms     ; clk_16ms    ; 1.000        ; -0.036     ; 1.460      ;
; -0.509 ; fsm_state.CONFIG_CMD1       ; command_counter[2]          ; clk_16ms     ; clk_16ms    ; 1.000        ; -0.036     ; 1.460      ;
; -0.507 ; command_counter[2]          ; data[2]~reg0                ; clk_16ms     ; clk_16ms    ; 1.000        ; 0.155      ; 1.649      ;
; -0.506 ; fsm_state.CONFIG_CMD1       ; data[2]~reg0                ; clk_16ms     ; clk_16ms    ; 1.000        ; 0.155      ; 1.648      ;
; -0.503 ; command_counter[2]          ; data[0]~reg0                ; clk_16ms     ; clk_16ms    ; 1.000        ; 0.155      ; 1.645      ;
; -0.502 ; fsm_state.CONFIG_CMD1       ; data[0]~reg0                ; clk_16ms     ; clk_16ms    ; 1.000        ; 0.155      ; 1.644      ;
; -0.501 ; data_counter[3]             ; fsm_state.WR_STATIC_TEXT_1L ; clk_16ms     ; clk_16ms    ; 1.000        ; -0.037     ; 1.451      ;
; -0.500 ; data_counter[1]             ; fsm_state.WR_STATIC_TEXT_1L ; clk_16ms     ; clk_16ms    ; 1.000        ; -0.037     ; 1.450      ;
; -0.499 ; data_counter[2]             ; data[1]~reg0                ; clk_16ms     ; clk_16ms    ; 1.000        ; 0.155      ; 1.641      ;
; -0.499 ; command_counter[2]          ; data[1]~reg0                ; clk_16ms     ; clk_16ms    ; 1.000        ; 0.155      ; 1.641      ;
; -0.498 ; fsm_state.CONFIG_CMD1       ; data[1]~reg0                ; clk_16ms     ; clk_16ms    ; 1.000        ; 0.155      ; 1.640      ;
; -0.493 ; static_data_mem[20][0]      ; data[6]~reg0                ; clk_16ms     ; clk_16ms    ; 1.000        ; 0.155      ; 1.635      ;
; -0.490 ; static_data_mem[20][2]      ; data[4]~reg0                ; clk_16ms     ; clk_16ms    ; 1.000        ; -0.037     ; 1.440      ;
; -0.488 ; data_counter[1]             ; data[6]~reg0                ; clk_16ms     ; clk_16ms    ; 1.000        ; 0.155      ; 1.630      ;
; -0.474 ; command_counter[2]          ; data[3]~reg0                ; clk_16ms     ; clk_16ms    ; 1.000        ; 0.155      ; 1.616      ;
; -0.474 ; static_data_mem[20][0]      ; data[0]~reg0                ; clk_16ms     ; clk_16ms    ; 1.000        ; 0.155      ; 1.616      ;
; -0.473 ; fsm_state.CONFIG_CMD1       ; data[3]~reg0                ; clk_16ms     ; clk_16ms    ; 1.000        ; 0.155      ; 1.615      ;
; -0.466 ; data_counter[2]             ; data[0]~reg0                ; clk_16ms     ; clk_16ms    ; 1.000        ; 0.155      ; 1.608      ;
; -0.465 ; data_counter[2]             ; data[2]~reg0                ; clk_16ms     ; clk_16ms    ; 1.000        ; 0.155      ; 1.607      ;
; -0.457 ; data_counter[2]             ; command_counter[0]          ; clk_16ms     ; clk_16ms    ; 1.000        ; -0.036     ; 1.408      ;
; -0.456 ; data_counter[2]             ; command_counter[2]          ; clk_16ms     ; clk_16ms    ; 1.000        ; -0.036     ; 1.407      ;
; -0.455 ; data_counter[2]             ; command_counter[1]          ; clk_16ms     ; clk_16ms    ; 1.000        ; -0.036     ; 1.406      ;
; -0.446 ; static_data_mem[4][3]       ; data[4]~reg0                ; clk_16ms     ; clk_16ms    ; 1.000        ; -0.037     ; 1.396      ;
; -0.444 ; static_data_mem[4][1]       ; data[2]~reg0                ; clk_16ms     ; clk_16ms    ; 1.000        ; 0.155      ; 1.586      ;
; -0.442 ; data_counter[0]             ; data[0]~reg0                ; clk_16ms     ; clk_16ms    ; 1.000        ; 0.155      ; 1.584      ;
; -0.442 ; fsm_state.WR_STATIC_TEXT_2L ; data_counter[4]             ; clk_16ms     ; clk_16ms    ; 1.000        ; -0.036     ; 1.393      ;
; -0.442 ; fsm_state.WR_STATIC_TEXT_2L ; data_counter[3]             ; clk_16ms     ; clk_16ms    ; 1.000        ; -0.036     ; 1.393      ;
; -0.442 ; fsm_state.WR_STATIC_TEXT_2L ; data_counter[2]             ; clk_16ms     ; clk_16ms    ; 1.000        ; -0.036     ; 1.393      ;
; -0.442 ; fsm_state.WR_STATIC_TEXT_2L ; data_counter[1]             ; clk_16ms     ; clk_16ms    ; 1.000        ; -0.036     ; 1.393      ;
; -0.442 ; fsm_state.WR_STATIC_TEXT_2L ; data_counter[0]             ; clk_16ms     ; clk_16ms    ; 1.000        ; -0.036     ; 1.393      ;
; -0.441 ; static_data_mem[20][0]      ; data[2]~reg0                ; clk_16ms     ; clk_16ms    ; 1.000        ; 0.155      ; 1.583      ;
; -0.440 ; static_data_mem[4][5]       ; data[5]~reg0                ; clk_16ms     ; clk_16ms    ; 1.000        ; -0.037     ; 1.390      ;
; -0.438 ; data_counter[0]             ; data[1]~reg0                ; clk_16ms     ; clk_16ms    ; 1.000        ; 0.155      ; 1.580      ;
; -0.433 ; data_counter[0]             ; command_counter[0]          ; clk_16ms     ; clk_16ms    ; 1.000        ; -0.036     ; 1.384      ;
; -0.432 ; data_counter[0]             ; command_counter[2]          ; clk_16ms     ; clk_16ms    ; 1.000        ; -0.036     ; 1.383      ;
; -0.432 ; data_counter[2]             ; data[3]~reg0                ; clk_16ms     ; clk_16ms    ; 1.000        ; 0.155      ; 1.574      ;
; -0.431 ; data_counter[0]             ; command_counter[1]          ; clk_16ms     ; clk_16ms    ; 1.000        ; -0.036     ; 1.382      ;
; -0.429 ; command_counter[2]          ; fsm_state.WR_STATIC_TEXT_1L ; clk_16ms     ; clk_16ms    ; 1.000        ; -0.037     ; 1.379      ;
; -0.429 ; static_data_mem[10][2]      ; data[3]~reg0                ; clk_16ms     ; clk_16ms    ; 1.000        ; 0.155      ; 1.571      ;
; -0.428 ; fsm_state.CONFIG_CMD1       ; fsm_state.WR_STATIC_TEXT_1L ; clk_16ms     ; clk_16ms    ; 1.000        ; -0.037     ; 1.378      ;
; -0.425 ; static_data_mem[4][3]       ; data[3]~reg0                ; clk_16ms     ; clk_16ms    ; 1.000        ; 0.155      ; 1.567      ;
; -0.420 ; fsm_state.CONFIG_CMD1       ; data_counter[4]             ; clk_16ms     ; clk_16ms    ; 1.000        ; -0.036     ; 1.371      ;
+--------+-----------------------------+-----------------------------+--------------+-------------+--------------+------------+------------+


+-----------------------------------------------------------------------------------------------------------------------------------------+
; Fast 1200mV 0C Model Hold: 'clk_16ms'                                                                                                   ;
+-------+-----------------------------+-----------------------------+--------------+-------------+--------------+------------+------------+
; Slack ; From Node                   ; To Node                     ; Launch Clock ; Latch Clock ; Relationship ; Clock Skew ; Data Delay ;
+-------+-----------------------------+-----------------------------+--------------+-------------+--------------+------------+------------+
; 0.187 ; command_counter[1]          ; command_counter[1]          ; clk_16ms     ; clk_16ms    ; 0.000        ; 0.036      ; 0.307      ;
; 0.187 ; command_counter[0]          ; command_counter[0]          ; clk_16ms     ; clk_16ms    ; 0.000        ; 0.036      ; 0.307      ;
; 0.187 ; command_counter[2]          ; command_counter[2]          ; clk_16ms     ; clk_16ms    ; 0.000        ; 0.036      ; 0.307      ;
; 0.187 ; fsm_state.CONFIG_CMD1       ; fsm_state.CONFIG_CMD1       ; clk_16ms     ; clk_16ms    ; 0.000        ; 0.036      ; 0.307      ;
; 0.213 ; fsm_state.WR_STATIC_TEXT_2L ; fsm_state.IDLE              ; clk_16ms     ; clk_16ms    ; 0.000        ; 0.037      ; 0.334      ;
; 0.311 ; fsm_state.WR_STATIC_TEXT_1L ; data[7]~reg0                ; clk_16ms     ; clk_16ms    ; 0.000        ; 0.037      ; 0.432      ;
; 0.324 ; data_counter[4]             ; data_counter[4]             ; clk_16ms     ; clk_16ms    ; 0.000        ; 0.036      ; 0.444      ;
; 0.336 ; data_counter[3]             ; data_counter[3]             ; clk_16ms     ; clk_16ms    ; 0.000        ; 0.036      ; 0.456      ;
; 0.338 ; data_counter[1]             ; data_counter[1]             ; clk_16ms     ; clk_16ms    ; 0.000        ; 0.036      ; 0.458      ;
; 0.343 ; fsm_state.WR_STATIC_TEXT_1L ; data[6]~reg0                ; clk_16ms     ; clk_16ms    ; 0.000        ; 0.236      ; 0.663      ;
; 0.349 ; data_counter[0]             ; data_counter[0]             ; clk_16ms     ; clk_16ms    ; 0.000        ; 0.036      ; 0.469      ;
; 0.366 ; fsm_state.CONFIG_CMD1       ; data[0]~reg0                ; clk_16ms     ; clk_16ms    ; 0.000        ; 0.235      ; 0.685      ;
; 0.368 ; fsm_state.CONFIG_CMD1       ; data[1]~reg0                ; clk_16ms     ; clk_16ms    ; 0.000        ; 0.235      ; 0.687      ;
; 0.381 ; fsm_state.CONFIG_CMD1       ; data[2]~reg0                ; clk_16ms     ; clk_16ms    ; 0.000        ; 0.235      ; 0.700      ;
; 0.391 ; fsm_state.CONFIG_CMD2       ; rs~reg0                     ; clk_16ms     ; clk_16ms    ; 0.000        ; 0.220      ; 0.695      ;
; 0.412 ; fsm_state.WR_STATIC_TEXT_2L ; rs~reg0                     ; clk_16ms     ; clk_16ms    ; 0.000        ; 0.220      ; 0.716      ;
; 0.417 ; data_counter[2]             ; data_counter[2]             ; clk_16ms     ; clk_16ms    ; 0.000        ; 0.036      ; 0.537      ;
; 0.427 ; fsm_state.CONFIG_CMD1       ; data[3]~reg0                ; clk_16ms     ; clk_16ms    ; 0.000        ; 0.235      ; 0.746      ;
; 0.431 ; fsm_state.IDLE              ; fsm_state.IDLE              ; clk_16ms     ; clk_16ms    ; 0.000        ; 0.037      ; 0.552      ;
; 0.443 ; command_counter[0]          ; data[0]~reg0                ; clk_16ms     ; clk_16ms    ; 0.000        ; 0.235      ; 0.762      ;
; 0.443 ; command_counter[0]          ; data[1]~reg0                ; clk_16ms     ; clk_16ms    ; 0.000        ; 0.235      ; 0.762      ;
; 0.460 ; command_counter[0]          ; data[2]~reg0                ; clk_16ms     ; clk_16ms    ; 0.000        ; 0.235      ; 0.779      ;
; 0.463 ; fsm_state.WR_STATIC_TEXT_1L ; fsm_state.CONFIG_CMD2       ; clk_16ms     ; clk_16ms    ; 0.000        ; 0.037      ; 0.584      ;
; 0.472 ; command_counter[1]          ; fsm_state.CONFIG_CMD1       ; clk_16ms     ; clk_16ms    ; 0.000        ; 0.036      ; 0.592      ;
; 0.475 ; data_counter[0]             ; data[1]~reg0                ; clk_16ms     ; clk_16ms    ; 0.000        ; 0.235      ; 0.794      ;
; 0.485 ; data_counter[3]             ; data_counter[4]             ; clk_16ms     ; clk_16ms    ; 0.000        ; 0.036      ; 0.605      ;
; 0.486 ; command_counter[1]          ; data[0]~reg0                ; clk_16ms     ; clk_16ms    ; 0.000        ; 0.235      ; 0.805      ;
; 0.487 ; data_counter[1]             ; data_counter[2]             ; clk_16ms     ; clk_16ms    ; 0.000        ; 0.036      ; 0.607      ;
; 0.496 ; data_counter[0]             ; data_counter[1]             ; clk_16ms     ; clk_16ms    ; 0.000        ; 0.036      ; 0.616      ;
; 0.499 ; data_counter[0]             ; data_counter[2]             ; clk_16ms     ; clk_16ms    ; 0.000        ; 0.036      ; 0.619      ;
; 0.500 ; command_counter[1]          ; data[2]~reg0                ; clk_16ms     ; clk_16ms    ; 0.000        ; 0.235      ; 0.819      ;
; 0.515 ; data_counter[2]             ; data[0]~reg0                ; clk_16ms     ; clk_16ms    ; 0.000        ; 0.235      ; 0.834      ;
; 0.515 ; command_counter[1]          ; data[1]~reg0                ; clk_16ms     ; clk_16ms    ; 0.000        ; 0.235      ; 0.834      ;
; 0.516 ; data_counter[4]             ; data[7]~reg0                ; clk_16ms     ; clk_16ms    ; 0.000        ; 0.036      ; 0.636      ;
; 0.521 ; data_counter[2]             ; data[2]~reg0                ; clk_16ms     ; clk_16ms    ; 0.000        ; 0.235      ; 0.840      ;
; 0.530 ; fsm_state.CONFIG_CMD2       ; fsm_state.WR_STATIC_TEXT_2L ; clk_16ms     ; clk_16ms    ; 0.000        ; 0.037      ; 0.651      ;
; 0.531 ; command_counter[0]          ; fsm_state.CONFIG_CMD1       ; clk_16ms     ; clk_16ms    ; 0.000        ; 0.036      ; 0.651      ;
; 0.531 ; command_counter[0]          ; data[3]~reg0                ; clk_16ms     ; clk_16ms    ; 0.000        ; 0.235      ; 0.850      ;
; 0.549 ; command_counter[1]          ; data[3]~reg0                ; clk_16ms     ; clk_16ms    ; 0.000        ; 0.235      ; 0.868      ;
; 0.550 ; data_counter[1]             ; data_counter[3]             ; clk_16ms     ; clk_16ms    ; 0.000        ; 0.036      ; 0.670      ;
; 0.551 ; fsm_state.WR_STATIC_TEXT_2L ; fsm_state.WR_STATIC_TEXT_2L ; clk_16ms     ; clk_16ms    ; 0.000        ; 0.037      ; 0.672      ;
; 0.553 ; data_counter[1]             ; data_counter[4]             ; clk_16ms     ; clk_16ms    ; 0.000        ; 0.036      ; 0.673      ;
; 0.561 ; fsm_state.WR_STATIC_TEXT_1L ; rs~reg0                     ; clk_16ms     ; clk_16ms    ; 0.000        ; 0.220      ; 0.865      ;
; 0.562 ; data_counter[0]             ; data_counter[3]             ; clk_16ms     ; clk_16ms    ; 0.000        ; 0.036      ; 0.682      ;
; 0.565 ; data_counter[0]             ; data_counter[4]             ; clk_16ms     ; clk_16ms    ; 0.000        ; 0.036      ; 0.685      ;
; 0.573 ; fsm_state.WR_STATIC_TEXT_1L ; command_counter[1]          ; clk_16ms     ; clk_16ms    ; 0.000        ; 0.037      ; 0.694      ;
; 0.574 ; fsm_state.WR_STATIC_TEXT_1L ; command_counter[0]          ; clk_16ms     ; clk_16ms    ; 0.000        ; 0.037      ; 0.695      ;
; 0.574 ; fsm_state.WR_STATIC_TEXT_1L ; command_counter[2]          ; clk_16ms     ; clk_16ms    ; 0.000        ; 0.037      ; 0.695      ;
; 0.575 ; data_counter[2]             ; data_counter[3]             ; clk_16ms     ; clk_16ms    ; 0.000        ; 0.036      ; 0.695      ;
; 0.577 ; fsm_state.IDLE              ; fsm_state.CONFIG_CMD1       ; clk_16ms     ; clk_16ms    ; 0.000        ; 0.037      ; 0.698      ;
; 0.578 ; data_counter[2]             ; data_counter[4]             ; clk_16ms     ; clk_16ms    ; 0.000        ; 0.036      ; 0.698      ;
; 0.587 ; data_counter[4]             ; fsm_state.IDLE              ; clk_16ms     ; clk_16ms    ; 0.000        ; 0.036      ; 0.707      ;
; 0.612 ; fsm_state.CONFIG_CMD2       ; data[3]~reg0                ; clk_16ms     ; clk_16ms    ; 0.000        ; 0.236      ; 0.932      ;
; 0.616 ; fsm_state.CONFIG_CMD1       ; command_counter[0]          ; clk_16ms     ; clk_16ms    ; 0.000        ; 0.036      ; 0.736      ;
; 0.621 ; fsm_state.WR_STATIC_TEXT_1L ; data[4]~reg0                ; clk_16ms     ; clk_16ms    ; 0.000        ; 0.037      ; 0.742      ;
; 0.622 ; command_counter[2]          ; fsm_state.CONFIG_CMD1       ; clk_16ms     ; clk_16ms    ; 0.000        ; 0.036      ; 0.742      ;
; 0.625 ; fsm_state.CONFIG_CMD1       ; command_counter[2]          ; clk_16ms     ; clk_16ms    ; 0.000        ; 0.036      ; 0.745      ;
; 0.628 ; static_data_mem[20][1]      ; data[2]~reg0                ; clk_16ms     ; clk_16ms    ; 0.000        ; 0.235      ; 0.947      ;
; 0.630 ; fsm_state.CONFIG_CMD2       ; data[6]~reg0                ; clk_16ms     ; clk_16ms    ; 0.000        ; 0.236      ; 0.950      ;
; 0.633 ; fsm_state.CONFIG_CMD1       ; command_counter[1]          ; clk_16ms     ; clk_16ms    ; 0.000        ; 0.036      ; 0.753      ;
; 0.633 ; data_counter[4]             ; data[3]~reg0                ; clk_16ms     ; clk_16ms    ; 0.000        ; 0.235      ; 0.952      ;
; 0.633 ; fsm_state.WR_STATIC_TEXT_2L ; data[3]~reg0                ; clk_16ms     ; clk_16ms    ; 0.000        ; 0.236      ; 0.953      ;
; 0.642 ; command_counter[1]          ; command_counter[2]          ; clk_16ms     ; clk_16ms    ; 0.000        ; 0.036      ; 0.762      ;
; 0.645 ; data_counter[4]             ; rs~reg0                     ; clk_16ms     ; clk_16ms    ; 0.000        ; 0.219      ; 0.948      ;
; 0.651 ; data_counter[4]             ; data[6]~reg0                ; clk_16ms     ; clk_16ms    ; 0.000        ; 0.235      ; 0.970      ;
; 0.651 ; fsm_state.WR_STATIC_TEXT_2L ; data[6]~reg0                ; clk_16ms     ; clk_16ms    ; 0.000        ; 0.236      ; 0.971      ;
; 0.652 ; fsm_state.WR_STATIC_TEXT_1L ; data[3]~reg0                ; clk_16ms     ; clk_16ms    ; 0.000        ; 0.236      ; 0.972      ;
; 0.668 ; data_counter[4]             ; fsm_state.CONFIG_CMD2       ; clk_16ms     ; clk_16ms    ; 0.000        ; 0.036      ; 0.788      ;
; 0.672 ; data_counter[1]             ; data[6]~reg0                ; clk_16ms     ; clk_16ms    ; 0.000        ; 0.235      ; 0.991      ;
; 0.680 ; data_counter[0]             ; data[7]~reg0                ; clk_16ms     ; clk_16ms    ; 0.000        ; 0.036      ; 0.800      ;
; 0.680 ; static_data_mem[20][0]      ; data[6]~reg0                ; clk_16ms     ; clk_16ms    ; 0.000        ; 0.235      ; 0.999      ;
; 0.684 ; fsm_state.CONFIG_CMD2       ; data[5]~reg0                ; clk_16ms     ; clk_16ms    ; 0.000        ; 0.037      ; 0.805      ;
; 0.691 ; data_counter[0]             ; data[6]~reg0                ; clk_16ms     ; clk_16ms    ; 0.000        ; 0.235      ; 1.010      ;
; 0.694 ; fsm_state.CONFIG_CMD2       ; command_counter[1]          ; clk_16ms     ; clk_16ms    ; 0.000        ; 0.037      ; 0.815      ;
; 0.694 ; data_counter[0]             ; data[2]~reg0                ; clk_16ms     ; clk_16ms    ; 0.000        ; 0.235      ; 1.013      ;
; 0.695 ; fsm_state.CONFIG_CMD2       ; command_counter[0]          ; clk_16ms     ; clk_16ms    ; 0.000        ; 0.037      ; 0.816      ;
; 0.695 ; fsm_state.CONFIG_CMD2       ; command_counter[2]          ; clk_16ms     ; clk_16ms    ; 0.000        ; 0.037      ; 0.816      ;
; 0.697 ; command_counter[0]          ; command_counter[2]          ; clk_16ms     ; clk_16ms    ; 0.000        ; 0.036      ; 0.817      ;
; 0.703 ; data_counter[2]             ; data[7]~reg0                ; clk_16ms     ; clk_16ms    ; 0.000        ; 0.036      ; 0.823      ;
; 0.705 ; fsm_state.WR_STATIC_TEXT_2L ; data[5]~reg0                ; clk_16ms     ; clk_16ms    ; 0.000        ; 0.037      ; 0.826      ;
; 0.706 ; fsm_state.CONFIG_CMD1       ; data_counter[4]             ; clk_16ms     ; clk_16ms    ; 0.000        ; 0.036      ; 0.826      ;
; 0.706 ; fsm_state.CONFIG_CMD1       ; data_counter[3]             ; clk_16ms     ; clk_16ms    ; 0.000        ; 0.036      ; 0.826      ;
; 0.706 ; fsm_state.CONFIG_CMD1       ; data_counter[2]             ; clk_16ms     ; clk_16ms    ; 0.000        ; 0.036      ; 0.826      ;
; 0.706 ; fsm_state.CONFIG_CMD1       ; data_counter[1]             ; clk_16ms     ; clk_16ms    ; 0.000        ; 0.036      ; 0.826      ;
; 0.706 ; fsm_state.CONFIG_CMD1       ; data_counter[0]             ; clk_16ms     ; clk_16ms    ; 0.000        ; 0.036      ; 0.826      ;
; 0.711 ; data_counter[2]             ; data[3]~reg0                ; clk_16ms     ; clk_16ms    ; 0.000        ; 0.235      ; 1.030      ;
; 0.712 ; command_counter[0]          ; command_counter[1]          ; clk_16ms     ; clk_16ms    ; 0.000        ; 0.036      ; 0.832      ;
; 0.715 ; fsm_state.WR_STATIC_TEXT_2L ; command_counter[1]          ; clk_16ms     ; clk_16ms    ; 0.000        ; 0.037      ; 0.836      ;
; 0.716 ; fsm_state.WR_STATIC_TEXT_2L ; command_counter[0]          ; clk_16ms     ; clk_16ms    ; 0.000        ; 0.037      ; 0.837      ;
; 0.716 ; fsm_state.WR_STATIC_TEXT_2L ; command_counter[2]          ; clk_16ms     ; clk_16ms    ; 0.000        ; 0.037      ; 0.837      ;
; 0.721 ; fsm_state.CONFIG_CMD2       ; data[1]~reg0                ; clk_16ms     ; clk_16ms    ; 0.000        ; 0.236      ; 1.041      ;
; 0.722 ; fsm_state.CONFIG_CMD2       ; data[0]~reg0                ; clk_16ms     ; clk_16ms    ; 0.000        ; 0.236      ; 1.042      ;
; 0.723 ; static_data_mem[10][2]      ; data[0]~reg0                ; clk_16ms     ; clk_16ms    ; 0.000        ; 0.235      ; 1.042      ;
; 0.725 ; fsm_state.CONFIG_CMD2       ; data[2]~reg0                ; clk_16ms     ; clk_16ms    ; 0.000        ; 0.236      ; 1.045      ;
; 0.727 ; fsm_state.CONFIG_CMD2       ; data[4]~reg0                ; clk_16ms     ; clk_16ms    ; 0.000        ; 0.037      ; 0.848      ;
; 0.729 ; data_counter[4]             ; data[5]~reg0                ; clk_16ms     ; clk_16ms    ; 0.000        ; 0.036      ; 0.849      ;
; 0.731 ; command_counter[1]          ; rs~reg0                     ; clk_16ms     ; clk_16ms    ; 0.000        ; 0.219      ; 1.034      ;
; 0.738 ; command_counter[1]          ; command_counter[0]          ; clk_16ms     ; clk_16ms    ; 0.000        ; 0.036      ; 0.858      ;
; 0.742 ; fsm_state.WR_STATIC_TEXT_2L ; data[1]~reg0                ; clk_16ms     ; clk_16ms    ; 0.000        ; 0.236      ; 1.062      ;
; 0.743 ; fsm_state.WR_STATIC_TEXT_2L ; data[0]~reg0                ; clk_16ms     ; clk_16ms    ; 0.000        ; 0.236      ; 1.063      ;
+-------+-----------------------------+-----------------------------+--------------+-------------+--------------+------------+------------+


+-----------------------------------------------------------------------------------------------------------------+
; Fast 1200mV 0C Model Hold: 'clk'                                                                                ;
+-------+-----------------+-----------------+--------------+-------------+--------------+------------+------------+
; Slack ; From Node       ; To Node         ; Launch Clock ; Latch Clock ; Relationship ; Clock Skew ; Data Delay ;
+-------+-----------------+-----------------+--------------+-------------+--------------+------------+------------+
; 0.295 ; clk_counter[9]  ; clk_counter[9]  ; clk          ; clk         ; 0.000        ; 0.037      ; 0.416      ;
; 0.296 ; clk_counter[7]  ; clk_counter[7]  ; clk          ; clk         ; 0.000        ; 0.037      ; 0.417      ;
; 0.297 ; clk_counter[5]  ; clk_counter[5]  ; clk          ; clk         ; 0.000        ; 0.037      ; 0.418      ;
; 0.297 ; clk_counter[3]  ; clk_counter[3]  ; clk          ; clk         ; 0.000        ; 0.037      ; 0.418      ;
; 0.298 ; clk_counter[17] ; clk_counter[17] ; clk          ; clk         ; 0.000        ; 0.037      ; 0.419      ;
; 0.298 ; clk_counter[6]  ; clk_counter[6]  ; clk          ; clk         ; 0.000        ; 0.037      ; 0.419      ;
; 0.298 ; clk_counter[1]  ; clk_counter[1]  ; clk          ; clk         ; 0.000        ; 0.037      ; 0.419      ;
; 0.299 ; clk_counter[16] ; clk_counter[16] ; clk          ; clk         ; 0.000        ; 0.037      ; 0.420      ;
; 0.299 ; clk_counter[4]  ; clk_counter[4]  ; clk          ; clk         ; 0.000        ; 0.037      ; 0.420      ;
; 0.299 ; clk_counter[2]  ; clk_counter[2]  ; clk          ; clk         ; 0.000        ; 0.037      ; 0.420      ;
; 0.304 ; clk_counter[15] ; clk_counter[15] ; clk          ; clk         ; 0.000        ; 0.037      ; 0.425      ;
; 0.304 ; clk_counter[11] ; clk_counter[11] ; clk          ; clk         ; 0.000        ; 0.037      ; 0.425      ;
; 0.306 ; clk_counter[14] ; clk_counter[14] ; clk          ; clk         ; 0.000        ; 0.037      ; 0.427      ;
; 0.307 ; clk_counter[0]  ; clk_counter[0]  ; clk          ; clk         ; 0.000        ; 0.037      ; 0.428      ;
; 0.400 ; clk_16ms        ; clk_16ms        ; clk_16ms     ; clk         ; 0.000        ; 1.176      ; 1.795      ;
; 0.446 ; clk_counter[5]  ; clk_counter[6]  ; clk          ; clk         ; 0.000        ; 0.037      ; 0.567      ;
; 0.446 ; clk_counter[3]  ; clk_counter[4]  ; clk          ; clk         ; 0.000        ; 0.037      ; 0.567      ;
; 0.447 ; clk_counter[1]  ; clk_counter[2]  ; clk          ; clk         ; 0.000        ; 0.037      ; 0.568      ;
; 0.450 ; clk_counter[19] ; clk_counter[19] ; clk          ; clk         ; 0.000        ; 0.037      ; 0.571      ;
; 0.451 ; clk_counter[18] ; clk_counter[18] ; clk          ; clk         ; 0.000        ; 0.037      ; 0.572      ;
; 0.453 ; clk_counter[15] ; clk_counter[16] ; clk          ; clk         ; 0.000        ; 0.037      ; 0.574      ;
; 0.456 ; clk_counter[8]  ; clk_counter[8]  ; clk          ; clk         ; 0.000        ; 0.037      ; 0.577      ;
; 0.456 ; clk_counter[6]  ; clk_counter[7]  ; clk          ; clk         ; 0.000        ; 0.037      ; 0.577      ;
; 0.456 ; clk_counter[0]  ; clk_counter[1]  ; clk          ; clk         ; 0.000        ; 0.037      ; 0.577      ;
; 0.457 ; clk_counter[4]  ; clk_counter[5]  ; clk          ; clk         ; 0.000        ; 0.037      ; 0.578      ;
; 0.457 ; clk_counter[2]  ; clk_counter[3]  ; clk          ; clk         ; 0.000        ; 0.037      ; 0.578      ;
; 0.457 ; clk_counter[16] ; clk_counter[17] ; clk          ; clk         ; 0.000        ; 0.037      ; 0.578      ;
; 0.459 ; clk_counter[0]  ; clk_counter[2]  ; clk          ; clk         ; 0.000        ; 0.037      ; 0.580      ;
; 0.460 ; clk_counter[8]  ; clk_counter[9]  ; clk          ; clk         ; 0.000        ; 0.037      ; 0.581      ;
; 0.460 ; clk_counter[4]  ; clk_counter[6]  ; clk          ; clk         ; 0.000        ; 0.037      ; 0.581      ;
; 0.460 ; clk_counter[2]  ; clk_counter[4]  ; clk          ; clk         ; 0.000        ; 0.037      ; 0.581      ;
; 0.461 ; clk_counter[10] ; clk_counter[10] ; clk          ; clk         ; 0.000        ; 0.037      ; 0.582      ;
; 0.464 ; clk_counter[14] ; clk_counter[15] ; clk          ; clk         ; 0.000        ; 0.037      ; 0.585      ;
; 0.465 ; clk_counter[10] ; clk_counter[11] ; clk          ; clk         ; 0.000        ; 0.037      ; 0.586      ;
; 0.467 ; clk_counter[14] ; clk_counter[16] ; clk          ; clk         ; 0.000        ; 0.037      ; 0.588      ;
; 0.470 ; clk_counter[12] ; clk_counter[14] ; clk          ; clk         ; 0.000        ; 0.037      ; 0.591      ;
; 0.494 ; clk_counter[18] ; clk_counter[13] ; clk          ; clk         ; 0.000        ; 0.037      ; 0.615      ;
; 0.494 ; clk_counter[18] ; clk_counter[12] ; clk          ; clk         ; 0.000        ; 0.037      ; 0.615      ;
; 0.494 ; clk_counter[18] ; clk_counter[19] ; clk          ; clk         ; 0.000        ; 0.037      ; 0.615      ;
; 0.494 ; clk_counter[18] ; clk_counter[10] ; clk          ; clk         ; 0.000        ; 0.037      ; 0.615      ;
; 0.507 ; clk_counter[9]  ; clk_counter[11] ; clk          ; clk         ; 0.000        ; 0.037      ; 0.628      ;
; 0.508 ; clk_counter[7]  ; clk_counter[9]  ; clk          ; clk         ; 0.000        ; 0.037      ; 0.629      ;
; 0.509 ; clk_counter[5]  ; clk_counter[7]  ; clk          ; clk         ; 0.000        ; 0.037      ; 0.630      ;
; 0.509 ; clk_counter[3]  ; clk_counter[5]  ; clk          ; clk         ; 0.000        ; 0.037      ; 0.630      ;
; 0.510 ; clk_counter[1]  ; clk_counter[3]  ; clk          ; clk         ; 0.000        ; 0.037      ; 0.631      ;
; 0.512 ; clk_counter[3]  ; clk_counter[6]  ; clk          ; clk         ; 0.000        ; 0.037      ; 0.633      ;
; 0.513 ; clk_counter[1]  ; clk_counter[4]  ; clk          ; clk         ; 0.000        ; 0.037      ; 0.634      ;
; 0.516 ; clk_counter[15] ; clk_counter[17] ; clk          ; clk         ; 0.000        ; 0.037      ; 0.637      ;
; 0.516 ; clk_counter[13] ; clk_counter[14] ; clk          ; clk         ; 0.000        ; 0.037      ; 0.637      ;
; 0.519 ; clk_counter[11] ; clk_counter[14] ; clk          ; clk         ; 0.000        ; 0.037      ; 0.640      ;
; 0.521 ; clk_counter[13] ; clk_counter[13] ; clk          ; clk         ; 0.000        ; 0.037      ; 0.642      ;
; 0.522 ; clk_counter[6]  ; clk_counter[9]  ; clk          ; clk         ; 0.000        ; 0.037      ; 0.643      ;
; 0.522 ; clk_counter[0]  ; clk_counter[3]  ; clk          ; clk         ; 0.000        ; 0.037      ; 0.643      ;
; 0.523 ; clk_counter[12] ; clk_counter[12] ; clk          ; clk         ; 0.000        ; 0.037      ; 0.644      ;
; 0.523 ; clk_counter[4]  ; clk_counter[7]  ; clk          ; clk         ; 0.000        ; 0.037      ; 0.644      ;
; 0.523 ; clk_counter[2]  ; clk_counter[5]  ; clk          ; clk         ; 0.000        ; 0.037      ; 0.644      ;
; 0.525 ; clk_counter[0]  ; clk_counter[4]  ; clk          ; clk         ; 0.000        ; 0.037      ; 0.646      ;
; 0.526 ; clk_counter[8]  ; clk_counter[11] ; clk          ; clk         ; 0.000        ; 0.037      ; 0.647      ;
; 0.526 ; clk_counter[2]  ; clk_counter[6]  ; clk          ; clk         ; 0.000        ; 0.037      ; 0.647      ;
; 0.530 ; clk_counter[14] ; clk_counter[17] ; clk          ; clk         ; 0.000        ; 0.037      ; 0.651      ;
; 0.533 ; clk_counter[12] ; clk_counter[15] ; clk          ; clk         ; 0.000        ; 0.037      ; 0.654      ;
; 0.534 ; clk_counter[10] ; clk_counter[14] ; clk          ; clk         ; 0.000        ; 0.037      ; 0.655      ;
; 0.536 ; clk_counter[12] ; clk_counter[16] ; clk          ; clk         ; 0.000        ; 0.037      ; 0.657      ;
; 0.553 ; clk_counter[19] ; clk_counter[13] ; clk          ; clk         ; 0.000        ; 0.037      ; 0.674      ;
; 0.553 ; clk_counter[19] ; clk_counter[12] ; clk          ; clk         ; 0.000        ; 0.037      ; 0.674      ;
; 0.553 ; clk_counter[19] ; clk_counter[10] ; clk          ; clk         ; 0.000        ; 0.037      ; 0.674      ;
; 0.554 ; clk_counter[19] ; clk_counter[18] ; clk          ; clk         ; 0.000        ; 0.037      ; 0.675      ;
; 0.574 ; clk_counter[7]  ; clk_counter[11] ; clk          ; clk         ; 0.000        ; 0.037      ; 0.695      ;
; 0.575 ; clk_counter[5]  ; clk_counter[9]  ; clk          ; clk         ; 0.000        ; 0.037      ; 0.696      ;
; 0.575 ; clk_counter[3]  ; clk_counter[7]  ; clk          ; clk         ; 0.000        ; 0.037      ; 0.696      ;
; 0.576 ; clk_counter[1]  ; clk_counter[5]  ; clk          ; clk         ; 0.000        ; 0.037      ; 0.697      ;
; 0.576 ; clk_counter[9]  ; clk_counter[14] ; clk          ; clk         ; 0.000        ; 0.037      ; 0.697      ;
; 0.579 ; clk_counter[1]  ; clk_counter[6]  ; clk          ; clk         ; 0.000        ; 0.037      ; 0.700      ;
; 0.579 ; clk_counter[13] ; clk_counter[15] ; clk          ; clk         ; 0.000        ; 0.037      ; 0.700      ;
; 0.582 ; clk_counter[11] ; clk_counter[15] ; clk          ; clk         ; 0.000        ; 0.037      ; 0.703      ;
; 0.582 ; clk_counter[13] ; clk_counter[16] ; clk          ; clk         ; 0.000        ; 0.037      ; 0.703      ;
; 0.585 ; clk_counter[11] ; clk_counter[16] ; clk          ; clk         ; 0.000        ; 0.037      ; 0.706      ;
; 0.588 ; clk_counter[6]  ; clk_counter[11] ; clk          ; clk         ; 0.000        ; 0.037      ; 0.709      ;
; 0.588 ; clk_counter[0]  ; clk_counter[5]  ; clk          ; clk         ; 0.000        ; 0.037      ; 0.709      ;
; 0.589 ; clk_counter[4]  ; clk_counter[9]  ; clk          ; clk         ; 0.000        ; 0.037      ; 0.710      ;
; 0.589 ; clk_counter[2]  ; clk_counter[7]  ; clk          ; clk         ; 0.000        ; 0.037      ; 0.710      ;
; 0.591 ; clk_counter[0]  ; clk_counter[6]  ; clk          ; clk         ; 0.000        ; 0.037      ; 0.712      ;
; 0.595 ; clk_counter[8]  ; clk_counter[14] ; clk          ; clk         ; 0.000        ; 0.037      ; 0.716      ;
; 0.597 ; clk_counter[10] ; clk_counter[15] ; clk          ; clk         ; 0.000        ; 0.037      ; 0.718      ;
; 0.598 ; clk_counter[9]  ; clk_counter[10] ; clk          ; clk         ; 0.000        ; 0.037      ; 0.719      ;
; 0.599 ; clk_counter[17] ; clk_counter[18] ; clk          ; clk         ; 0.000        ; 0.037      ; 0.720      ;
; 0.599 ; clk_counter[7]  ; clk_counter[8]  ; clk          ; clk         ; 0.000        ; 0.037      ; 0.720      ;
; 0.599 ; clk_counter[12] ; clk_counter[17] ; clk          ; clk         ; 0.000        ; 0.037      ; 0.720      ;
; 0.600 ; clk_counter[10] ; clk_counter[16] ; clk          ; clk         ; 0.000        ; 0.037      ; 0.721      ;
; 0.612 ; clk_counter[16] ; clk_counter[18] ; clk          ; clk         ; 0.000        ; 0.037      ; 0.733      ;
; 0.613 ; clk_counter[6]  ; clk_counter[8]  ; clk          ; clk         ; 0.000        ; 0.037      ; 0.734      ;
; 0.617 ; clk_counter[8]  ; clk_counter[10] ; clk          ; clk         ; 0.000        ; 0.037      ; 0.738      ;
; 0.621 ; clk_counter[12] ; clk_counter[13] ; clk          ; clk         ; 0.000        ; 0.037      ; 0.742      ;
; 0.630 ; clk_counter[16] ; clk_counter[19] ; clk          ; clk         ; 0.000        ; 0.037      ; 0.751      ;
; 0.630 ; clk_counter[16] ; clk_counter[10] ; clk          ; clk         ; 0.000        ; 0.037      ; 0.751      ;
; 0.630 ; clk_counter[16] ; clk_counter[13] ; clk          ; clk         ; 0.000        ; 0.037      ; 0.751      ;
; 0.630 ; clk_counter[16] ; clk_counter[12] ; clk          ; clk         ; 0.000        ; 0.037      ; 0.751      ;
; 0.633 ; clk_counter[17] ; clk_counter[19] ; clk          ; clk         ; 0.000        ; 0.037      ; 0.754      ;
; 0.633 ; clk_counter[17] ; clk_counter[10] ; clk          ; clk         ; 0.000        ; 0.037      ; 0.754      ;
; 0.633 ; clk_counter[17] ; clk_counter[13] ; clk          ; clk         ; 0.000        ; 0.037      ; 0.754      ;
+-------+-----------------+-----------------+--------------+-------------+--------------+------------+------------+


----------------------------------------------
; Fast 1200mV 0C Model Metastability Summary ;
----------------------------------------------
No synchronizer chains to report.


+--------------------------------------------------------------------------------+
; Multicorner Timing Analysis Summary                                            ;
+------------------+----------+-------+----------+---------+---------------------+
; Clock            ; Setup    ; Hold  ; Recovery ; Removal ; Minimum Pulse Width ;
+------------------+----------+-------+----------+---------+---------------------+
; Worst-case Slack ; -4.001   ; 0.187 ; N/A      ; N/A     ; -3.000              ;
;  clk             ; -4.001   ; 0.295 ; N/A      ; N/A     ; -3.000              ;
;  clk_16ms        ; -3.303   ; 0.187 ; N/A      ; N/A     ; -1.487              ;
; Design-wide TNS  ; -111.255 ; 0.0   ; 0.0      ; 0.0     ; -80.324             ;
;  clk             ; -38.865  ; 0.000 ; N/A      ; N/A     ; -34.227             ;
;  clk_16ms        ; -72.390  ; 0.000 ; N/A      ; N/A     ; -46.097             ;
+------------------+----------+-------+----------+---------+---------------------+


+------------------------------------------------------------------------------------------------------------------------------------------------------------------------------------------------------------------------------------------------------------------------------------------------------------------------------------------------------------------------------------------------------------------+
; Board Trace Model Assignments                                                                                                                                                                                                                                                                                                                                                                                    ;
+---------------+--------------+-------------------+-------------------------+-------------------------+---------------+---------------------+----------------+------------------+--------+------------------+------------------------+------------------------+--------------+---------------+-----------------+-------+---------------------+--------------------+---------------+-----------------+-------------+
; Pin           ; I/O Standard ; Near Tline Length ; Near Tline L per Length ; Near Tline C per Length ; Near Series R ; Near Differential R ; Near Pull-up R ; Near Pull-down R ; Near C ; Far Tline Length ; Far Tline L per Length ; Far Tline C per Length ; Far Series R ; Far Pull-up R ; Far Pull-down R ; Far C ; Termination Voltage ; Far Differential R ; EBD File Name ; EBD Signal Name ; EBD Far-end ;
+---------------+--------------+-------------------+-------------------------+-------------------------+---------------+---------------------+----------------+------------------+--------+------------------+------------------------+------------------------+--------------+---------------+-----------------+-------+---------------------+--------------------+---------------+-----------------+-------------+
; rs            ; 2.5 V        ; 0 in              ; 0 H/in                  ; 0 F/in                  ; short         ; -                   ; open           ; open             ; open   ; 0 in             ; 0 H/in                 ; 0 F/in                 ; short        ; open          ; open            ; open  ; 0 V                 ; -                  ; n/a           ; n/a             ; n/a         ;
; rw            ; 2.5 V        ; 0 in              ; 0 H/in                  ; 0 F/in                  ; short         ; -                   ; open           ; open             ; open   ; 0 in             ; 0 H/in                 ; 0 F/in                 ; short        ; open          ; open            ; open  ; 0 V                 ; -                  ; n/a           ; n/a             ; n/a         ;
; enable        ; 2.5 V        ; 0 in              ; 0 H/in                  ; 0 F/in                  ; short         ; -                   ; open           ; open             ; open   ; 0 in             ; 0 H/in                 ; 0 F/in                 ; short        ; open          ; open            ; open  ; 0 V                 ; -                  ; n/a           ; n/a             ; n/a         ;
; data[0]       ; 2.5 V        ; 0 in              ; 0 H/in                  ; 0 F/in                  ; short         ; -                   ; open           ; open             ; open   ; 0 in             ; 0 H/in                 ; 0 F/in                 ; short        ; open          ; open            ; open  ; 0 V                 ; -                  ; n/a           ; n/a             ; n/a         ;
; data[1]       ; 2.5 V        ; 0 in              ; 0 H/in                  ; 0 F/in                  ; short         ; -                   ; open           ; open             ; open   ; 0 in             ; 0 H/in                 ; 0 F/in                 ; short        ; open          ; open            ; open  ; 0 V                 ; -                  ; n/a           ; n/a             ; n/a         ;
; data[2]       ; 2.5 V        ; 0 in              ; 0 H/in                  ; 0 F/in                  ; short         ; -                   ; open           ; open             ; open   ; 0 in             ; 0 H/in                 ; 0 F/in                 ; short        ; open          ; open            ; open  ; 0 V                 ; -                  ; n/a           ; n/a             ; n/a         ;
; data[3]       ; 2.5 V        ; 0 in              ; 0 H/in                  ; 0 F/in                  ; short         ; -                   ; open           ; open             ; open   ; 0 in             ; 0 H/in                 ; 0 F/in                 ; short        ; open          ; open            ; open  ; 0 V                 ; -                  ; n/a           ; n/a             ; n/a         ;
; data[4]       ; 2.5 V        ; 0 in              ; 0 H/in                  ; 0 F/in                  ; short         ; -                   ; open           ; open             ; open   ; 0 in             ; 0 H/in                 ; 0 F/in                 ; short        ; open          ; open            ; open  ; 0 V                 ; -                  ; n/a           ; n/a             ; n/a         ;
; data[5]       ; 2.5 V        ; 0 in              ; 0 H/in                  ; 0 F/in                  ; short         ; -                   ; open           ; open             ; open   ; 0 in             ; 0 H/in                 ; 0 F/in                 ; short        ; open          ; open            ; open  ; 0 V                 ; -                  ; n/a           ; n/a             ; n/a         ;
; data[6]       ; 2.5 V        ; 0 in              ; 0 H/in                  ; 0 F/in                  ; short         ; -                   ; open           ; open             ; open   ; 0 in             ; 0 H/in                 ; 0 F/in                 ; short        ; open          ; open            ; open  ; 0 V                 ; -                  ; n/a           ; n/a             ; n/a         ;
; data[7]       ; 2.5 V        ; 0 in              ; 0 H/in                  ; 0 F/in                  ; short         ; -                   ; open           ; open             ; open   ; 0 in             ; 0 H/in                 ; 0 F/in                 ; short        ; open          ; open            ; open  ; 0 V                 ; -                  ; n/a           ; n/a             ; n/a         ;
; ~ALTERA_DCLK~ ; 2.5 V        ; 0 in              ; 0 H/in                  ; 0 F/in                  ; short         ; -                   ; open           ; open             ; open   ; 0 in             ; 0 H/in                 ; 0 F/in                 ; short        ; open          ; open            ; open  ; 0 V                 ; -                  ; n/a           ; n/a             ; n/a         ;
+---------------+--------------+-------------------+-------------------------+-------------------------+---------------+---------------------+----------------+------------------+--------+------------------+------------------------+------------------------+--------------+---------------+-----------------+-------+---------------------+--------------------+---------------+-----------------+-------------+


+----------------------------------------------------------------------------+
; Input Transition Times                                                     ;
+-------------------------+--------------+-----------------+-----------------+
; Pin                     ; I/O Standard ; 10-90 Rise Time ; 90-10 Fall Time ;
+-------------------------+--------------+-----------------+-----------------+
; reset                   ; 2.5 V        ; 2000 ps         ; 2000 ps         ;
; clk                     ; 2.5 V        ; 2000 ps         ; 2000 ps         ;
; ready_i                 ; 2.5 V        ; 2000 ps         ; 2000 ps         ;
; sw[0]                   ; 2.5 V        ; 2000 ps         ; 2000 ps         ;
; sw[1]                   ; 2.5 V        ; 2000 ps         ; 2000 ps         ;
; ~ALTERA_ASDO_DATA1~     ; 2.5 V        ; 2000 ps         ; 2000 ps         ;
; ~ALTERA_FLASH_nCE_nCSO~ ; 2.5 V        ; 2000 ps         ; 2000 ps         ;
; ~ALTERA_DATA0~          ; 2.5 V        ; 2000 ps         ; 2000 ps         ;
+-------------------------+--------------+-----------------+-----------------+


+--------------------------------------------------------------------------------------------------------------------------------------------------------------------------------------------------------------------------------------------------------------------------------------------------------------------------------------------------------------------------------------------------------------------------------------------------------------------------------------------------------------------------------------------------------------------------------------------------------------------------------------------------------------------------------------------+
; Signal Integrity Metrics (Slow 1200mv 0c Model)                                                                                                                                                                                                                                                                                                                                                                                                                                                                                                                                                                                                                                            ;
+---------------+--------------+---------------------+---------------------+------------------------------+------------------------------+---------------------+---------------------+--------------------------------------+--------------------------------------+-----------------------------+-----------------------------+----------------------------+----------------------------+-----------------------------+-----------------------------+--------------------+--------------------+-------------------------------------+-------------------------------------+----------------------------+----------------------------+---------------------------+---------------------------+
; Pin           ; I/O Standard ; Board Delay on Rise ; Board Delay on Fall ; Steady State Voh at FPGA Pin ; Steady State Vol at FPGA Pin ; Voh Max at FPGA Pin ; Vol Min at FPGA Pin ; Ringback Voltage on Rise at FPGA Pin ; Ringback Voltage on Fall at FPGA Pin ; 10-90 Rise Time at FPGA Pin ; 90-10 Fall Time at FPGA Pin ; Monotonic Rise at FPGA Pin ; Monotonic Fall at FPGA Pin ; Steady State Voh at Far-end ; Steady State Vol at Far-end ; Voh Max at Far-end ; Vol Min at Far-end ; Ringback Voltage on Rise at Far-end ; Ringback Voltage on Fall at Far-end ; 10-90 Rise Time at Far-end ; 90-10 Fall Time at Far-end ; Monotonic Rise at Far-end ; Monotonic Fall at Far-end ;
+---------------+--------------+---------------------+---------------------+------------------------------+------------------------------+---------------------+---------------------+--------------------------------------+--------------------------------------+-----------------------------+-----------------------------+----------------------------+----------------------------+-----------------------------+-----------------------------+--------------------+--------------------+-------------------------------------+-------------------------------------+----------------------------+----------------------------+---------------------------+---------------------------+
; rs            ; 2.5 V        ; 0 s                 ; 0 s                 ; 2.32 V                       ; 2.07e-09 V                   ; 2.36 V              ; -0.00737 V          ; 0.209 V                              ; 0.012 V                              ; 5.22e-10 s                  ; 5.33e-10 s                  ; Yes                        ; Yes                        ; 2.32 V                      ; 2.07e-09 V                  ; 2.36 V             ; -0.00737 V         ; 0.209 V                             ; 0.012 V                             ; 5.22e-10 s                 ; 5.33e-10 s                 ; Yes                       ; Yes                       ;
; rw            ; 2.5 V        ; 0 s                 ; 0 s                 ; 2.32 V                       ; 2.07e-09 V                   ; 2.36 V              ; -0.00737 V          ; 0.209 V                              ; 0.012 V                              ; 5.22e-10 s                  ; 5.33e-10 s                  ; Yes                        ; Yes                        ; 2.32 V                      ; 2.07e-09 V                  ; 2.36 V             ; -0.00737 V         ; 0.209 V                             ; 0.012 V                             ; 5.22e-10 s                 ; 5.33e-10 s                 ; Yes                       ; Yes                       ;
; enable        ; 2.5 V        ; 0 s                 ; 0 s                 ; 2.32 V                       ; 2.07e-09 V                   ; 2.38 V              ; -0.0073 V           ; 0.097 V                              ; 0.018 V                              ; 4.24e-10 s                  ; 3.65e-10 s                  ; No                         ; Yes                        ; 2.32 V                      ; 2.07e-09 V                  ; 2.38 V             ; -0.0073 V          ; 0.097 V                             ; 0.018 V                             ; 4.24e-10 s                 ; 3.65e-10 s                 ; No                        ; Yes                       ;
; data[0]       ; 2.5 V        ; 0 s                 ; 0 s                 ; 2.32 V                       ; 2.07e-09 V                   ; 2.36 V              ; -0.00737 V          ; 0.209 V                              ; 0.012 V                              ; 5.22e-10 s                  ; 5.33e-10 s                  ; Yes                        ; Yes                        ; 2.32 V                      ; 2.07e-09 V                  ; 2.36 V             ; -0.00737 V         ; 0.209 V                             ; 0.012 V                             ; 5.22e-10 s                 ; 5.33e-10 s                 ; Yes                       ; Yes                       ;
; data[1]       ; 2.5 V        ; 0 s                 ; 0 s                 ; 2.32 V                       ; 2.07e-09 V                   ; 2.36 V              ; -0.00737 V          ; 0.209 V                              ; 0.012 V                              ; 5.22e-10 s                  ; 5.33e-10 s                  ; Yes                        ; Yes                        ; 2.32 V                      ; 2.07e-09 V                  ; 2.36 V             ; -0.00737 V         ; 0.209 V                             ; 0.012 V                             ; 5.22e-10 s                 ; 5.33e-10 s                 ; Yes                       ; Yes                       ;
; data[2]       ; 2.5 V        ; 0 s                 ; 0 s                 ; 2.32 V                       ; 2.07e-09 V                   ; 2.38 V              ; -0.0073 V           ; 0.097 V                              ; 0.018 V                              ; 4.24e-10 s                  ; 3.65e-10 s                  ; No                         ; Yes                        ; 2.32 V                      ; 2.07e-09 V                  ; 2.38 V             ; -0.0073 V          ; 0.097 V                             ; 0.018 V                             ; 4.24e-10 s                 ; 3.65e-10 s                 ; No                        ; Yes                       ;
; data[3]       ; 2.5 V        ; 0 s                 ; 0 s                 ; 2.32 V                       ; 2.07e-09 V                   ; 2.33 V              ; -0.00421 V          ; 0.165 V                              ; 0.078 V                              ; 3.11e-09 s                  ; 2.85e-09 s                  ; Yes                        ; Yes                        ; 2.32 V                      ; 2.07e-09 V                  ; 2.33 V             ; -0.00421 V         ; 0.165 V                             ; 0.078 V                             ; 3.11e-09 s                 ; 2.85e-09 s                 ; Yes                       ; Yes                       ;
; data[4]       ; 2.5 V        ; 0 s                 ; 0 s                 ; 2.32 V                       ; 2.07e-09 V                   ; 2.36 V              ; -0.00737 V          ; 0.209 V                              ; 0.012 V                              ; 5.22e-10 s                  ; 5.33e-10 s                  ; Yes                        ; Yes                        ; 2.32 V                      ; 2.07e-09 V                  ; 2.36 V             ; -0.00737 V         ; 0.209 V                             ; 0.012 V                             ; 5.22e-10 s                 ; 5.33e-10 s                 ; Yes                       ; Yes                       ;
; data[5]       ; 2.5 V        ; 0 s                 ; 0 s                 ; 2.32 V                       ; 2.8e-09 V                    ; 2.37 V              ; -0.00373 V          ; 0.104 V                              ; 0.011 V                              ; 4.34e-10 s                  ; 3.82e-10 s                  ; Yes                        ; Yes                        ; 2.32 V                      ; 2.8e-09 V                   ; 2.37 V             ; -0.00373 V         ; 0.104 V                             ; 0.011 V                             ; 4.34e-10 s                 ; 3.82e-10 s                 ; Yes                       ; Yes                       ;
; data[6]       ; 2.5 V        ; 0 s                 ; 0 s                 ; 2.32 V                       ; 2.8e-09 V                    ; 2.37 V              ; -0.00373 V          ; 0.104 V                              ; 0.011 V                              ; 4.34e-10 s                  ; 3.82e-10 s                  ; Yes                        ; Yes                        ; 2.32 V                      ; 2.8e-09 V                   ; 2.37 V             ; -0.00373 V         ; 0.104 V                             ; 0.011 V                             ; 4.34e-10 s                 ; 3.82e-10 s                 ; Yes                       ; Yes                       ;
; data[7]       ; 2.5 V        ; 0 s                 ; 0 s                 ; 2.32 V                       ; 2.8e-09 V                    ; 2.37 V              ; -0.00373 V          ; 0.104 V                              ; 0.011 V                              ; 4.34e-10 s                  ; 3.82e-10 s                  ; Yes                        ; Yes                        ; 2.32 V                      ; 2.8e-09 V                   ; 2.37 V             ; -0.00373 V         ; 0.104 V                             ; 0.011 V                             ; 4.34e-10 s                 ; 3.82e-10 s                 ; Yes                       ; Yes                       ;
; ~ALTERA_DCLK~ ; 2.5 V        ; 0 s                 ; 0 s                 ; 2.32 V                       ; 1.74e-09 V                   ; 2.37 V              ; -0.0346 V           ; 0.198 V                              ; 0.094 V                              ; 3.14e-10 s                  ; 2.92e-10 s                  ; Yes                        ; Yes                        ; 2.32 V                      ; 1.74e-09 V                  ; 2.37 V             ; -0.0346 V          ; 0.198 V                             ; 0.094 V                             ; 3.14e-10 s                 ; 2.92e-10 s                 ; Yes                       ; Yes                       ;
+---------------+--------------+---------------------+---------------------+------------------------------+------------------------------+---------------------+---------------------+--------------------------------------+--------------------------------------+-----------------------------+-----------------------------+----------------------------+----------------------------+-----------------------------+-----------------------------+--------------------+--------------------+-------------------------------------+-------------------------------------+----------------------------+----------------------------+---------------------------+---------------------------+


+--------------------------------------------------------------------------------------------------------------------------------------------------------------------------------------------------------------------------------------------------------------------------------------------------------------------------------------------------------------------------------------------------------------------------------------------------------------------------------------------------------------------------------------------------------------------------------------------------------------------------------------------------------------------------------------------+
; Signal Integrity Metrics (Slow 1200mv 85c Model)                                                                                                                                                                                                                                                                                                                                                                                                                                                                                                                                                                                                                                           ;
+---------------+--------------+---------------------+---------------------+------------------------------+------------------------------+---------------------+---------------------+--------------------------------------+--------------------------------------+-----------------------------+-----------------------------+----------------------------+----------------------------+-----------------------------+-----------------------------+--------------------+--------------------+-------------------------------------+-------------------------------------+----------------------------+----------------------------+---------------------------+---------------------------+
; Pin           ; I/O Standard ; Board Delay on Rise ; Board Delay on Fall ; Steady State Voh at FPGA Pin ; Steady State Vol at FPGA Pin ; Voh Max at FPGA Pin ; Vol Min at FPGA Pin ; Ringback Voltage on Rise at FPGA Pin ; Ringback Voltage on Fall at FPGA Pin ; 10-90 Rise Time at FPGA Pin ; 90-10 Fall Time at FPGA Pin ; Monotonic Rise at FPGA Pin ; Monotonic Fall at FPGA Pin ; Steady State Voh at Far-end ; Steady State Vol at Far-end ; Voh Max at Far-end ; Vol Min at Far-end ; Ringback Voltage on Rise at Far-end ; Ringback Voltage on Fall at Far-end ; 10-90 Rise Time at Far-end ; 90-10 Fall Time at Far-end ; Monotonic Rise at Far-end ; Monotonic Fall at Far-end ;
+---------------+--------------+---------------------+---------------------+------------------------------+------------------------------+---------------------+---------------------+--------------------------------------+--------------------------------------+-----------------------------+-----------------------------+----------------------------+----------------------------+-----------------------------+-----------------------------+--------------------+--------------------+-------------------------------------+-------------------------------------+----------------------------+----------------------------+---------------------------+---------------------------+
; rs            ; 2.5 V        ; 0 s                 ; 0 s                 ; 2.32 V                       ; 1.93e-07 V                   ; 2.34 V              ; -0.00869 V          ; 0.14 V                               ; 0.046 V                              ; 6.89e-10 s                  ; 6.56e-10 s                  ; Yes                        ; Yes                        ; 2.32 V                      ; 1.93e-07 V                  ; 2.34 V             ; -0.00869 V         ; 0.14 V                              ; 0.046 V                             ; 6.89e-10 s                 ; 6.56e-10 s                 ; Yes                       ; Yes                       ;
; rw            ; 2.5 V        ; 0 s                 ; 0 s                 ; 2.32 V                       ; 1.93e-07 V                   ; 2.34 V              ; -0.00869 V          ; 0.14 V                               ; 0.046 V                              ; 6.89e-10 s                  ; 6.56e-10 s                  ; Yes                        ; Yes                        ; 2.32 V                      ; 1.93e-07 V                  ; 2.34 V             ; -0.00869 V         ; 0.14 V                              ; 0.046 V                             ; 6.89e-10 s                 ; 6.56e-10 s                 ; Yes                       ; Yes                       ;
; enable        ; 2.5 V        ; 0 s                 ; 0 s                 ; 2.32 V                       ; 1.93e-07 V                   ; 2.35 V              ; -0.00834 V          ; 0.127 V                              ; 0.035 V                              ; 4.7e-10 s                   ; 4.64e-10 s                  ; Yes                        ; Yes                        ; 2.32 V                      ; 1.93e-07 V                  ; 2.35 V             ; -0.00834 V         ; 0.127 V                             ; 0.035 V                             ; 4.7e-10 s                  ; 4.64e-10 s                 ; Yes                       ; Yes                       ;
; data[0]       ; 2.5 V        ; 0 s                 ; 0 s                 ; 2.32 V                       ; 1.93e-07 V                   ; 2.34 V              ; -0.00869 V          ; 0.14 V                               ; 0.046 V                              ; 6.89e-10 s                  ; 6.56e-10 s                  ; Yes                        ; Yes                        ; 2.32 V                      ; 1.93e-07 V                  ; 2.34 V             ; -0.00869 V         ; 0.14 V                              ; 0.046 V                             ; 6.89e-10 s                 ; 6.56e-10 s                 ; Yes                       ; Yes                       ;
; data[1]       ; 2.5 V        ; 0 s                 ; 0 s                 ; 2.32 V                       ; 1.93e-07 V                   ; 2.34 V              ; -0.00869 V          ; 0.14 V                               ; 0.046 V                              ; 6.89e-10 s                  ; 6.56e-10 s                  ; Yes                        ; Yes                        ; 2.32 V                      ; 1.93e-07 V                  ; 2.34 V             ; -0.00869 V         ; 0.14 V                              ; 0.046 V                             ; 6.89e-10 s                 ; 6.56e-10 s                 ; Yes                       ; Yes                       ;
; data[2]       ; 2.5 V        ; 0 s                 ; 0 s                 ; 2.32 V                       ; 1.93e-07 V                   ; 2.35 V              ; -0.00834 V          ; 0.127 V                              ; 0.035 V                              ; 4.7e-10 s                   ; 4.64e-10 s                  ; Yes                        ; Yes                        ; 2.32 V                      ; 1.93e-07 V                  ; 2.35 V             ; -0.00834 V         ; 0.127 V                             ; 0.035 V                             ; 4.7e-10 s                  ; 4.64e-10 s                 ; Yes                       ; Yes                       ;
; data[3]       ; 2.5 V        ; 0 s                 ; 0 s                 ; 2.32 V                       ; 1.93e-07 V                   ; 2.33 V              ; -0.0022 V           ; 0.088 V                              ; 0.056 V                              ; 3.76e-09 s                  ; 3.48e-09 s                  ; Yes                        ; Yes                        ; 2.32 V                      ; 1.93e-07 V                  ; 2.33 V             ; -0.0022 V          ; 0.088 V                             ; 0.056 V                             ; 3.76e-09 s                 ; 3.48e-09 s                 ; Yes                       ; Yes                       ;
; data[4]       ; 2.5 V        ; 0 s                 ; 0 s                 ; 2.32 V                       ; 1.93e-07 V                   ; 2.34 V              ; -0.00869 V          ; 0.14 V                               ; 0.046 V                              ; 6.89e-10 s                  ; 6.56e-10 s                  ; Yes                        ; Yes                        ; 2.32 V                      ; 1.93e-07 V                  ; 2.34 V             ; -0.00869 V         ; 0.14 V                              ; 0.046 V                             ; 6.89e-10 s                 ; 6.56e-10 s                 ; Yes                       ; Yes                       ;
; data[5]       ; 2.5 V        ; 0 s                 ; 0 s                 ; 2.32 V                       ; 2.85e-07 V                   ; 2.35 V              ; -0.0123 V           ; 0.144 V                              ; 0.042 V                              ; 4.81e-10 s                  ; 4.81e-10 s                  ; Yes                        ; Yes                        ; 2.32 V                      ; 2.85e-07 V                  ; 2.35 V             ; -0.0123 V          ; 0.144 V                             ; 0.042 V                             ; 4.81e-10 s                 ; 4.81e-10 s                 ; Yes                       ; Yes                       ;
; data[6]       ; 2.5 V        ; 0 s                 ; 0 s                 ; 2.32 V                       ; 2.85e-07 V                   ; 2.35 V              ; -0.0123 V           ; 0.144 V                              ; 0.042 V                              ; 4.81e-10 s                  ; 4.81e-10 s                  ; Yes                        ; Yes                        ; 2.32 V                      ; 2.85e-07 V                  ; 2.35 V             ; -0.0123 V          ; 0.144 V                             ; 0.042 V                             ; 4.81e-10 s                 ; 4.81e-10 s                 ; Yes                       ; Yes                       ;
; data[7]       ; 2.5 V        ; 0 s                 ; 0 s                 ; 2.32 V                       ; 2.85e-07 V                   ; 2.35 V              ; -0.0123 V           ; 0.144 V                              ; 0.042 V                              ; 4.81e-10 s                  ; 4.81e-10 s                  ; Yes                        ; Yes                        ; 2.32 V                      ; 2.85e-07 V                  ; 2.35 V             ; -0.0123 V          ; 0.144 V                             ; 0.042 V                             ; 4.81e-10 s                 ; 4.81e-10 s                 ; Yes                       ; Yes                       ;
; ~ALTERA_DCLK~ ; 2.5 V        ; 0 s                 ; 0 s                 ; 2.32 V                       ; 1.55e-07 V                   ; 2.35 V              ; -0.00221 V          ; 0.097 V                              ; 0.005 V                              ; 4.49e-10 s                  ; 3.85e-10 s                  ; Yes                        ; Yes                        ; 2.32 V                      ; 1.55e-07 V                  ; 2.35 V             ; -0.00221 V         ; 0.097 V                             ; 0.005 V                             ; 4.49e-10 s                 ; 3.85e-10 s                 ; Yes                       ; Yes                       ;
+---------------+--------------+---------------------+---------------------+------------------------------+------------------------------+---------------------+---------------------+--------------------------------------+--------------------------------------+-----------------------------+-----------------------------+----------------------------+----------------------------+-----------------------------+-----------------------------+--------------------+--------------------+-------------------------------------+-------------------------------------+----------------------------+----------------------------+---------------------------+---------------------------+


+--------------------------------------------------------------------------------------------------------------------------------------------------------------------------------------------------------------------------------------------------------------------------------------------------------------------------------------------------------------------------------------------------------------------------------------------------------------------------------------------------------------------------------------------------------------------------------------------------------------------------------------------------------------------------------------------+
; Signal Integrity Metrics (Fast 1200mv 0c Model)                                                                                                                                                                                                                                                                                                                                                                                                                                                                                                                                                                                                                                            ;
+---------------+--------------+---------------------+---------------------+------------------------------+------------------------------+---------------------+---------------------+--------------------------------------+--------------------------------------+-----------------------------+-----------------------------+----------------------------+----------------------------+-----------------------------+-----------------------------+--------------------+--------------------+-------------------------------------+-------------------------------------+----------------------------+----------------------------+---------------------------+---------------------------+
; Pin           ; I/O Standard ; Board Delay on Rise ; Board Delay on Fall ; Steady State Voh at FPGA Pin ; Steady State Vol at FPGA Pin ; Voh Max at FPGA Pin ; Vol Min at FPGA Pin ; Ringback Voltage on Rise at FPGA Pin ; Ringback Voltage on Fall at FPGA Pin ; 10-90 Rise Time at FPGA Pin ; 90-10 Fall Time at FPGA Pin ; Monotonic Rise at FPGA Pin ; Monotonic Fall at FPGA Pin ; Steady State Voh at Far-end ; Steady State Vol at Far-end ; Voh Max at Far-end ; Vol Min at Far-end ; Ringback Voltage on Rise at Far-end ; Ringback Voltage on Fall at Far-end ; 10-90 Rise Time at Far-end ; 90-10 Fall Time at Far-end ; Monotonic Rise at Far-end ; Monotonic Fall at Far-end ;
+---------------+--------------+---------------------+---------------------+------------------------------+------------------------------+---------------------+---------------------+--------------------------------------+--------------------------------------+-----------------------------+-----------------------------+----------------------------+----------------------------+-----------------------------+-----------------------------+--------------------+--------------------+-------------------------------------+-------------------------------------+----------------------------+----------------------------+---------------------------+---------------------------+
; rs            ; 2.5 V        ; 0 s                 ; 0 s                 ; 2.62 V                       ; 2.74e-08 V                   ; 2.71 V              ; -0.0317 V           ; 0.148 V                              ; 0.064 V                              ; 4.51e-10 s                  ; 4.15e-10 s                  ; No                         ; Yes                        ; 2.62 V                      ; 2.74e-08 V                  ; 2.71 V             ; -0.0317 V          ; 0.148 V                             ; 0.064 V                             ; 4.51e-10 s                 ; 4.15e-10 s                 ; No                        ; Yes                       ;
; rw            ; 2.5 V        ; 0 s                 ; 0 s                 ; 2.62 V                       ; 2.74e-08 V                   ; 2.71 V              ; -0.0317 V           ; 0.148 V                              ; 0.064 V                              ; 4.51e-10 s                  ; 4.15e-10 s                  ; No                         ; Yes                        ; 2.62 V                      ; 2.74e-08 V                  ; 2.71 V             ; -0.0317 V          ; 0.148 V                             ; 0.064 V                             ; 4.51e-10 s                 ; 4.15e-10 s                 ; No                        ; Yes                       ;
; enable        ; 2.5 V        ; 0 s                 ; 0 s                 ; 2.62 V                       ; 2.74e-08 V                   ; 2.73 V              ; -0.0384 V           ; 0.169 V                              ; 0.089 V                              ; 2.7e-10 s                   ; 2.62e-10 s                  ; Yes                        ; Yes                        ; 2.62 V                      ; 2.74e-08 V                  ; 2.73 V             ; -0.0384 V          ; 0.169 V                             ; 0.089 V                             ; 2.7e-10 s                  ; 2.62e-10 s                 ; Yes                       ; Yes                       ;
; data[0]       ; 2.5 V        ; 0 s                 ; 0 s                 ; 2.62 V                       ; 2.74e-08 V                   ; 2.71 V              ; -0.0317 V           ; 0.148 V                              ; 0.064 V                              ; 4.51e-10 s                  ; 4.15e-10 s                  ; No                         ; Yes                        ; 2.62 V                      ; 2.74e-08 V                  ; 2.71 V             ; -0.0317 V          ; 0.148 V                             ; 0.064 V                             ; 4.51e-10 s                 ; 4.15e-10 s                 ; No                        ; Yes                       ;
; data[1]       ; 2.5 V        ; 0 s                 ; 0 s                 ; 2.62 V                       ; 2.74e-08 V                   ; 2.71 V              ; -0.0317 V           ; 0.148 V                              ; 0.064 V                              ; 4.51e-10 s                  ; 4.15e-10 s                  ; No                         ; Yes                        ; 2.62 V                      ; 2.74e-08 V                  ; 2.71 V             ; -0.0317 V          ; 0.148 V                             ; 0.064 V                             ; 4.51e-10 s                 ; 4.15e-10 s                 ; No                        ; Yes                       ;
; data[2]       ; 2.5 V        ; 0 s                 ; 0 s                 ; 2.62 V                       ; 2.74e-08 V                   ; 2.73 V              ; -0.0384 V           ; 0.169 V                              ; 0.089 V                              ; 2.7e-10 s                   ; 2.62e-10 s                  ; Yes                        ; Yes                        ; 2.62 V                      ; 2.74e-08 V                  ; 2.73 V             ; -0.0384 V          ; 0.169 V                             ; 0.089 V                             ; 2.7e-10 s                  ; 2.62e-10 s                 ; Yes                       ; Yes                       ;
; data[3]       ; 2.5 V        ; 0 s                 ; 0 s                 ; 2.62 V                       ; 2.74e-08 V                   ; 2.64 V              ; -0.0117 V           ; 0.202 V                              ; 0.176 V                              ; 2.38e-09 s                  ; 2.22e-09 s                  ; No                         ; Yes                        ; 2.62 V                      ; 2.74e-08 V                  ; 2.64 V             ; -0.0117 V          ; 0.202 V                             ; 0.176 V                             ; 2.38e-09 s                 ; 2.22e-09 s                 ; No                        ; Yes                       ;
; data[4]       ; 2.5 V        ; 0 s                 ; 0 s                 ; 2.62 V                       ; 2.74e-08 V                   ; 2.71 V              ; -0.0317 V           ; 0.148 V                              ; 0.064 V                              ; 4.51e-10 s                  ; 4.15e-10 s                  ; No                         ; Yes                        ; 2.62 V                      ; 2.74e-08 V                  ; 2.71 V             ; -0.0317 V          ; 0.148 V                             ; 0.064 V                             ; 4.51e-10 s                 ; 4.15e-10 s                 ; No                        ; Yes                       ;
; data[5]       ; 2.5 V        ; 0 s                 ; 0 s                 ; 2.62 V                       ; 4.05e-08 V                   ; 2.72 V              ; -0.0349 V           ; 0.173 V                              ; 0.1 V                                ; 2.72e-10 s                  ; 2.69e-10 s                  ; Yes                        ; Yes                        ; 2.62 V                      ; 4.05e-08 V                  ; 2.72 V             ; -0.0349 V          ; 0.173 V                             ; 0.1 V                               ; 2.72e-10 s                 ; 2.69e-10 s                 ; Yes                       ; Yes                       ;
; data[6]       ; 2.5 V        ; 0 s                 ; 0 s                 ; 2.62 V                       ; 4.05e-08 V                   ; 2.72 V              ; -0.0349 V           ; 0.173 V                              ; 0.1 V                                ; 2.72e-10 s                  ; 2.69e-10 s                  ; Yes                        ; Yes                        ; 2.62 V                      ; 4.05e-08 V                  ; 2.72 V             ; -0.0349 V          ; 0.173 V                             ; 0.1 V                               ; 2.72e-10 s                 ; 2.69e-10 s                 ; Yes                       ; Yes                       ;
; data[7]       ; 2.5 V        ; 0 s                 ; 0 s                 ; 2.62 V                       ; 4.05e-08 V                   ; 2.72 V              ; -0.0349 V           ; 0.173 V                              ; 0.1 V                                ; 2.72e-10 s                  ; 2.69e-10 s                  ; Yes                        ; Yes                        ; 2.62 V                      ; 4.05e-08 V                  ; 2.72 V             ; -0.0349 V          ; 0.173 V                             ; 0.1 V                               ; 2.72e-10 s                 ; 2.69e-10 s                 ; Yes                       ; Yes                       ;
; ~ALTERA_DCLK~ ; 2.5 V        ; 0 s                 ; 0 s                 ; 2.62 V                       ; 2.22e-08 V                   ; 2.74 V              ; -0.06 V             ; 0.158 V                              ; 0.08 V                               ; 2.68e-10 s                  ; 2.19e-10 s                  ; Yes                        ; Yes                        ; 2.62 V                      ; 2.22e-08 V                  ; 2.74 V             ; -0.06 V            ; 0.158 V                             ; 0.08 V                              ; 2.68e-10 s                 ; 2.19e-10 s                 ; Yes                       ; Yes                       ;
+---------------+--------------+---------------------+---------------------+------------------------------+------------------------------+---------------------+---------------------+--------------------------------------+--------------------------------------+-----------------------------+-----------------------------+----------------------------+----------------------------+-----------------------------+-----------------------------+--------------------+--------------------+-------------------------------------+-------------------------------------+----------------------------+----------------------------+---------------------------+---------------------------+


+-------------------------------------------------------------------+
; Setup Transfers                                                   ;
+------------+----------+----------+----------+----------+----------+
; From Clock ; To Clock ; RR Paths ; FR Paths ; RF Paths ; FF Paths ;
+------------+----------+----------+----------+----------+----------+
; clk        ; clk      ; 350      ; 0        ; 0        ; 0        ;
; clk_16ms   ; clk      ; 1        ; 1        ; 0        ; 0        ;
; clk_16ms   ; clk_16ms ; 733      ; 0        ; 0        ; 0        ;
+------------+----------+----------+----------+----------+----------+
Entries labeled "false path" only account for clock-to-clock false paths and not path-based false paths. As a result, actual path counts may be lower than reported.


+-------------------------------------------------------------------+
; Hold Transfers                                                    ;
+------------+----------+----------+----------+----------+----------+
; From Clock ; To Clock ; RR Paths ; FR Paths ; RF Paths ; FF Paths ;
+------------+----------+----------+----------+----------+----------+
; clk        ; clk      ; 350      ; 0        ; 0        ; 0        ;
; clk_16ms   ; clk      ; 1        ; 1        ; 0        ; 0        ;
; clk_16ms   ; clk_16ms ; 733      ; 0        ; 0        ; 0        ;
+------------+----------+----------+----------+----------+----------+
Entries labeled "false path" only account for clock-to-clock false paths and not path-based false paths. As a result, actual path counts may be lower than reported.


---------------
; Report TCCS ;
---------------
No dedicated SERDES Transmitter circuitry present in device or used in design


---------------
; Report RSKM ;
---------------
No non-DPA dedicated SERDES Receiver circuitry present in device or used in design


+------------------------------------------------+
; Unconstrained Paths Summary                    ;
+---------------------------------+-------+------+
; Property                        ; Setup ; Hold ;
+---------------------------------+-------+------+
; Illegal Clocks                  ; 0     ; 0    ;
; Unconstrained Clocks            ; 0     ; 0    ;
; Unconstrained Input Ports       ; 4     ; 4    ;
; Unconstrained Input Port Paths  ; 65    ; 65   ;
; Unconstrained Output Ports      ; 10    ; 10   ;
; Unconstrained Output Port Paths ; 10    ; 10   ;
+---------------------------------+-------+------+


+------------------------------------------+
; Clock Status Summary                     ;
+----------+----------+------+-------------+
; Target   ; Clock    ; Type ; Status      ;
+----------+----------+------+-------------+
; clk      ; clk      ; Base ; Constrained ;
; clk_16ms ; clk_16ms ; Base ; Constrained ;
+----------+----------+------+-------------+


+---------------------------------------------------------------------------------------------------+
; Unconstrained Input Ports                                                                         ;
+------------+--------------------------------------------------------------------------------------+
; Input Port ; Comment                                                                              ;
+------------+--------------------------------------------------------------------------------------+
; ready_i    ; No input delay, min/max delays, false-path exceptions, or max skew assignments found ;
; reset      ; No input delay, min/max delays, false-path exceptions, or max skew assignments found ;
; sw[0]      ; No input delay, min/max delays, false-path exceptions, or max skew assignments found ;
; sw[1]      ; No input delay, min/max delays, false-path exceptions, or max skew assignments found ;
+------------+--------------------------------------------------------------------------------------+


+-----------------------------------------------------------------------------------------------------+
; Unconstrained Output Ports                                                                          ;
+-------------+---------------------------------------------------------------------------------------+
; Output Port ; Comment                                                                               ;
+-------------+---------------------------------------------------------------------------------------+
; data[0]     ; No output delay, min/max delays, false-path exceptions, or max skew assignments found ;
; data[1]     ; No output delay, min/max delays, false-path exceptions, or max skew assignments found ;
; data[2]     ; No output delay, min/max delays, false-path exceptions, or max skew assignments found ;
; data[3]     ; No output delay, min/max delays, false-path exceptions, or max skew assignments found ;
; data[4]     ; No output delay, min/max delays, false-path exceptions, or max skew assignments found ;
; data[5]     ; No output delay, min/max delays, false-path exceptions, or max skew assignments found ;
; data[6]     ; No output delay, min/max delays, false-path exceptions, or max skew assignments found ;
; data[7]     ; No output delay, min/max delays, false-path exceptions, or max skew assignments found ;
; enable      ; No output delay, min/max delays, false-path exceptions, or max skew assignments found ;
; rs          ; No output delay, min/max delays, false-path exceptions, or max skew assignments found ;
+-------------+---------------------------------------------------------------------------------------+


+---------------------------------------------------------------------------------------------------+
; Unconstrained Input Ports                                                                         ;
+------------+--------------------------------------------------------------------------------------+
; Input Port ; Comment                                                                              ;
+------------+--------------------------------------------------------------------------------------+
; ready_i    ; No input delay, min/max delays, false-path exceptions, or max skew assignments found ;
; reset      ; No input delay, min/max delays, false-path exceptions, or max skew assignments found ;
; sw[0]      ; No input delay, min/max delays, false-path exceptions, or max skew assignments found ;
; sw[1]      ; No input delay, min/max delays, false-path exceptions, or max skew assignments found ;
+------------+--------------------------------------------------------------------------------------+


+-----------------------------------------------------------------------------------------------------+
; Unconstrained Output Ports                                                                          ;
+-------------+---------------------------------------------------------------------------------------+
; Output Port ; Comment                                                                               ;
+-------------+---------------------------------------------------------------------------------------+
; data[0]     ; No output delay, min/max delays, false-path exceptions, or max skew assignments found ;
; data[1]     ; No output delay, min/max delays, false-path exceptions, or max skew assignments found ;
; data[2]     ; No output delay, min/max delays, false-path exceptions, or max skew assignments found ;
; data[3]     ; No output delay, min/max delays, false-path exceptions, or max skew assignments found ;
; data[4]     ; No output delay, min/max delays, false-path exceptions, or max skew assignments found ;
; data[5]     ; No output delay, min/max delays, false-path exceptions, or max skew assignments found ;
; data[6]     ; No output delay, min/max delays, false-path exceptions, or max skew assignments found ;
; data[7]     ; No output delay, min/max delays, false-path exceptions, or max skew assignments found ;
; enable      ; No output delay, min/max delays, false-path exceptions, or max skew assignments found ;
; rs          ; No output delay, min/max delays, false-path exceptions, or max skew assignments found ;
+-------------+---------------------------------------------------------------------------------------+


+--------------------------+
; Timing Analyzer Messages ;
+--------------------------+
Info: *******************************************************************
Info: Running Quartus Prime Timing Analyzer
    Info: Version 23.1std.1 Build 993 05/14/2024 SC Lite Edition
    Info: Processing started: Thu Jun 18 09:20:48 2026
Info: Command: quartus_sta lcd1602_text -c lcd1602_text
Info: qsta_default_script.tcl version: #1
Warning (18236): Number of processors has not been specified which may cause overloading on shared machines.  Set the global assignment NUM_PARALLEL_PROCESSORS in your QSF to an appropriate value for best performance.
Info (20030): Parallel compilation is enabled and will use 2 of the 2 processors detected
Info (21077): Low junction temperature is 0 degrees C
Info (21077): High junction temperature is 85 degrees C
Critical Warning (332012): Synopsys Design Constraints File file not found: 'lcd1602_text.sdc'. A Synopsys Design Constraints File is required by the Timing Analyzer to get proper timing constraints. Without it, the Compiler will not properly optimize the design.
Info (332142): No user constrained base clocks found in the design. Calling "derive_clocks -period 1.0"
Info (332105): Deriving Clocks
    Info (332105): create_clock -period 1.000 -name clk_16ms clk_16ms
    Info (332105): create_clock -period 1.000 -name clk clk
Info (332143): No user constrained clock uncertainty found in the design. Calling "derive_clock_uncertainty"
Info (332123): Deriving Clock Uncertainty. Please refer to report_sdc in the Timing Analyzer to see clock uncertainties.
Info: Found TIMING_ANALYZER_REPORT_SCRIPT_INCLUDE_DEFAULT_ANALYSIS = ON
Info: Analyzing Slow 1200mV 85C Model
Critical Warning (332148): Timing requirements not met
    Info (11105): For recommendations on closing timing, run Report Timing Closure Recommendations in the Timing Analyzer.
Info (332146): Worst-case setup slack is -4.001
    Info (332119):     Slack       End Point TNS Clock 
    Info (332119): ========= =================== =====================
    Info (332119):    -4.001             -38.865 clk 
    Info (332119):    -3.303             -72.390 clk_16ms 
Info (332146): Worst-case hold slack is 0.454
    Info (332119):     Slack       End Point TNS Clock 
    Info (332119): ========= =================== =====================
    Info (332119):     0.454               0.000 clk_16ms 
    Info (332119):     0.742               0.000 clk 
Info (332140): No Recovery paths to report
Info (332140): No Removal paths to report
Info (332146): Worst-case minimum pulse width slack is -3.000
    Info (332119):     Slack       End Point TNS Clock 
    Info (332119): ========= =================== =====================
    Info (332119):    -3.000             -34.227 clk 
    Info (332119):    -1.487             -46.097 clk_16ms 
Info: Analyzing Slow 1200mV 0C Model
Info (334003): Started post-fitting delay annotation
Info (334004): Delay annotation completed successfully
Info (332123): Deriving Clock Uncertainty. Please refer to report_sdc in the Timing Analyzer to see clock uncertainties.
Critical Warning (332148): Timing requirements not met
    Info (11105): For recommendations on closing timing, run Report Timing Closure Recommendations in the Timing Analyzer.
Info (332146): Worst-case setup slack is -3.757
    Info (332119):     Slack       End Point TNS Clock 
    Info (332119): ========= =================== =====================
    Info (332119):    -3.757             -33.994 clk 
    Info (332119):    -3.035             -65.031 clk_16ms 
Info (332146): Worst-case hold slack is 0.402
    Info (332119):     Slack       End Point TNS Clock 
    Info (332119): ========= =================== =====================
    Info (332119):     0.402               0.000 clk_16ms 
    Info (332119):     0.689               0.000 clk 
Info (332140): No Recovery paths to report
Info (332140): No Removal paths to report
Info (332146): Worst-case minimum pulse width slack is -3.000
    Info (332119):     Slack       End Point TNS Clock 
    Info (332119): ========= =================== =====================
    Info (332119):    -3.000             -34.227 clk 
    Info (332119):    -1.487             -46.097 clk_16ms 
Info: Analyzing Fast 1200mV 0C Model
Info (332123): Deriving Clock Uncertainty. Please refer to report_sdc in the Timing Analyzer to see clock uncertainties.
Critical Warning (332148): Timing requirements not met
    Info (11105): For recommendations on closing timing, run Report Timing Closure Recommendations in the Timing Analyzer.
Info (332146): Worst-case setup slack is -1.210
    Info (332119):     Slack       End Point TNS Clock 
    Info (332119): ========= =================== =====================
    Info (332119):    -1.210              -6.245 clk 
    Info (332119):    -0.845             -13.023 clk_16ms 
Info (332146): Worst-case hold slack is 0.187
    Info (332119):     Slack       End Point TNS Clock 
    Info (332119): ========= =================== =====================
    Info (332119):     0.187               0.000 clk_16ms 
    Info (332119):     0.295               0.000 clk 
Info (332140): No Recovery paths to report
Info (332140): No Removal paths to report
Info (332146): Worst-case minimum pulse width slack is -3.000
    Info (332119):     Slack       End Point TNS Clock 
    Info (332119): ========= =================== =====================
    Info (332119):    -3.000             -25.345 clk 
    Info (332119):    -1.000             -31.000 clk_16ms 
Info (332102): Design is not fully constrained for setup requirements
Info (332102): Design is not fully constrained for hold requirements
Info: Quartus Prime Timing Analyzer was successful. 0 errors, 5 warnings
    Info: Peak virtual memory: 4740 megabytes
    Info: Processing ended: Thu Jun 18 09:20:50 2026
    Info: Elapsed time: 00:00:02
    Info: Total CPU time (on all processors): 00:00:02


